"Station","BCI","Species","TimePeriod","Area","time.since.fire","time.since.fire.noneg"
"B14",3,"Deer - Doe","Pre","Outside",-60,0
"B14",4,"Deer - Doe","Pre","Outside",-58,0
"B14",4,"Deer - Doe","Pre","Outside",-58,0
"B14",4,"Deer - Buck","Pre","Outside",-57,0
"B14",3,"Deer - Doe","Pre","Outside",-57,0
"D14",3,"Deer - Doe","Pre","Outside",-57,0
"A13",4,"Deer - Buck","Pre","Outside",-56,0
"B14",3,"Deer - Doe","Pre","Outside",-56,0
"E13",4,"Deer - Buck","Pre","Outside",-56,0
"B14",4,"Deer - Buck","Pre","Outside",-55,0
"B14",4,"Deer - Doe","Pre","Outside",-55,0
"B14",4,"Deer - Doe","Pre","Outside",-55,0
"D12",2,"Deer - Doe","Pre","Outside",-55,0
"B14",3,"Deer - Doe","Pre","Outside",-54,0
"D12",3,"Deer - Doe","Pre","Outside",-54,0
"D14",2,"Deer - Doe","Pre","Outside",-54,0
"D12",4,"Deer - Doe","Pre","Outside",-53,0
"B14",3,"Deer - Doe","Pre","Outside",-51,0
"D12",3,"Deer - Doe","Pre","Outside",-51,0
"D14",3,"Deer - Doe","Pre","Outside",-51,0
"B14",2,"Deer - Doe","Pre","Outside",-50,0
"D12",2,"Deer - Doe","Pre","Outside",-50,0
"E13",4,"Deer - Doe","Pre","Outside",-50,0
"B14",3,"Deer - Doe","Pre","Outside",-49,0
"B14",3,"Deer - Doe","Pre","Outside",-48,0
"B14",3,"Deer - Doe","Pre","Outside",-48,0
"B14",4,"Deer - Doe","Pre","Outside",-48,0
"B14",4,"Deer - Doe","Pre","Outside",-48,0
"E15",3,"Deer - Buck","Pre","Outside",-48,0
"E15",4,"Deer - Buck","Pre","Outside",-48,0
"F10",3,"Deer - Buck","Pre","Outside",-48,0
"F10",4,"Deer - Buck","Pre","Outside",-48,0
"F10",4,"Deer - Doe","Pre","Outside",-48,0
"B14",4,"Deer - Doe","Pre","Outside",-47,0
"B14",4,"Deer - Doe","Pre","Outside",-47,0
"D12",4,"Deer - Doe","Pre","Outside",-47,0
"D14",2,"Deer - Doe","Pre","Outside",-47,0
"B14",3,"Deer - Doe","Pre","Outside",-46,0
"B14",3,"Deer - Doe","Pre","Outside",-46,0
"B14",4,"Deer - Doe","Pre","Outside",-46,0
"B14",4,"Deer - Doe","Pre","Outside",-46,0
"D14",4,"Deer - Doe","Pre","Outside",-46,0
"D14",4,"Deer - Doe","Pre","Outside",-46,0
"B14",3,"Deer - Buck","Pre","Outside",-45,0
"B14",3,"Deer - Doe","Pre","Outside",-45,0
"B14",4,"Deer - Doe","Pre","Outside",-45,0
"B14",4,"Deer - Doe","Pre","Outside",-45,0
"B14",4,"Deer - Doe","Pre","Outside",-45,0
"C15",4,"Deer - Doe","Pre","Outside",-45,0
"D12",4,"Deer - Doe","Pre","Outside",-45,0
"B14",4,"Deer - Doe","Pre","Outside",-44,0
"B14",4,"Deer - Doe","Pre","Outside",-44,0
"B14",4,"Deer - Doe","Pre","Outside",-44,0
"D12",4,"Deer - Doe","Pre","Outside",-44,0
"B14",4,"Deer - Doe","Pre","Outside",-43,0
"B14",4,"Deer - Doe","Pre","Outside",-43,0
"C15",4,"Deer - Buck","Pre","Outside",-43,0
"D12",4,"Deer - Doe","Pre","Outside",-43,0
"B14",3,"Deer - Doe","Pre","Outside",-42,0
"B14",3,"Deer - Doe","Pre","Outside",-42,0
"B14",4,"Deer - Doe","Pre","Outside",-42,0
"C15",4,"Deer - Doe","Pre","Outside",-42,0
"D12",4,"Deer - Doe","Pre","Outside",-42,0
"B12",4,"Deer - Buck","Pre","Outside",-41,0
"B14",3,"Deer - Doe","Pre","Outside",-41,0
"B14",3,"Deer - Buck","Pre","Outside",-40,0
"B14",4,"Deer - Buck","Pre","Outside",-40,0
"B14",4,"Deer - Buck","Pre","Outside",-40,0
"B14",2,"Deer - Doe","Pre","Outside",-40,0
"B14",3,"Deer - Buck","Pre","Outside",-39,0
"B14",3,"Deer - Buck","Pre","Outside",-39,0
"B14",3,"Deer - Buck","Pre","Outside",-39,0
"B14",4,"Deer - Buck","Pre","Outside",-39,0
"B14",4,"Deer - Buck","Pre","Outside",-39,0
"B14",4,"Deer - Buck","Pre","Outside",-39,0
"B14",2,"Deer - Doe","Pre","Outside",-39,0
"B14",3,"Deer - Doe","Pre","Outside",-39,0
"E15",3,"Deer - Doe","Pre","Outside",-39,0
"B14",4,"Deer - Buck","Pre","Outside",-38,0
"B14",4,"Deer - Doe","Pre","Outside",-38,0
"B14",4,"Deer - Doe","Pre","Outside",-38,0
"B14",3,"Deer - Doe","Pre","Outside",-37,0
"B14",3,"Deer - Doe","Pre","Outside",-37,0
"D12",4,"Deer - Doe","Pre","Outside",-37,0
"D16",3,"Deer - Buck","Pre","Outside",-37,0
"E15",4,"Deer - Doe","Pre","Outside",-37,0
"B14",3,"Deer - Doe","Pre","Outside",-36,0
"B14",3,"Deer - Doe","Pre","Outside",-36,0
"B14",3,"Deer - Doe","Pre","Outside",-36,0
"B14",4,"Deer - Doe","Pre","Outside",-36,0
"B14",4,"Deer - Doe","Pre","Outside",-36,0
"B14",4,"Deer - Doe","Pre","Outside",-36,0
"B14",4,"Deer - Doe","Pre","Outside",-36,0
"B14",2,"Deer - Doe","Pre","Outside",-35,0
"B14",4,"Deer - Doe","Pre","Outside",-35,0
"B14",4,"Deer - Doe","Pre","Outside",-35,0
"B14",4,"Deer - Doe","Pre","Outside",-35,0
"B14",4,"Deer - Doe","Pre","Outside",-35,0
"C17",3,"Deer - Doe","Pre","Outside",-35,0
"B14",3,"Deer - Buck","Pre","Outside",-34,0
"B14",3,"Deer - Doe","Pre","Outside",-34,0
"B14",4,"Deer - Doe","Pre","Outside",-34,0
"B14",4,"Deer - Doe","Pre","Outside",-34,0
"E13",5,"Deer - Buck","Pre","Outside",-34,0
"B14",4,"Deer - Buck","Pre","Outside",-33,0
"B14",2,"Deer - Doe","Pre","Outside",-33,0
"B14",3,"Deer - Doe","Pre","Outside",-33,0
"B14",4,"Deer - Doe","Pre","Outside",-33,0
"B14",4,"Deer - Doe","Pre","Outside",-33,0
"B14",4,"Deer - Doe","Pre","Outside",-33,0
"B14",3,"Deer - Buck","Pre","Outside",-32,0
"B14",2,"Deer - Doe","Pre","Outside",-32,0
"B14",3,"Deer - Doe","Pre","Outside",-32,0
"B14",3,"Deer - Doe","Pre","Outside",-32,0
"B14",4,"Deer - Doe","Pre","Outside",-32,0
"B14",4,"Deer - Doe","Pre","Outside",-32,0
"B14",4,"Deer - Doe","Pre","Outside",-32,0
"D14",3,"Deer - Doe","Pre","Outside",-32,0
"D14",4,"Deer - Doe","Pre","Outside",-32,0
"F10",3,"Deer - Doe","Pre","Outside",-32,0
"B14",2,"Deer - Doe","Pre","Outside",-31,0
"B14",3,"Deer - Doe","Pre","Outside",-31,0
"B14",3,"Deer - Doe","Pre","Outside",-31,0
"B14",3,"Deer - Doe","Pre","Outside",-31,0
"B14",3,"Deer - Doe","Pre","Outside",-31,0
"B14",4,"Deer - Doe","Pre","Outside",-31,0
"B14",3,"Deer - Buck","Pre","Outside",-30,0
"B14",3,"Deer - Buck","Pre","Outside",-30,0
"B14",3,"Deer - Buck","Pre","Outside",-30,0
"B14",3,"Deer - Buck","Pre","Outside",-30,0
"B14",4,"Deer - Buck","Pre","Outside",-30,0
"B14",4,"Deer - Buck","Pre","Outside",-30,0
"B14",4,"Deer - Buck","Pre","Outside",-30,0
"B14",5,"Deer - Buck","Pre","Outside",-30,0
"B14",2,"Deer - Doe","Pre","Outside",-30,0
"B14",3,"Deer - Doe","Pre","Outside",-30,0
"B14",4,"Deer - Doe","Pre","Outside",-30,0
"D16",4,"Deer - Buck","Pre","Outside",-30,0
"D16",4,"Deer - Doe","Pre","Outside",-30,0
"B14",3,"Deer - Buck","Pre","Outside",-29,0
"B14",3,"Deer - Buck","Pre","Outside",-29,0
"B14",3,"Deer - Buck","Pre","Outside",-29,0
"B14",4,"Deer - Buck","Pre","Outside",-29,0
"B14",3,"Deer - Doe","Pre","Outside",-29,0
"B14",3,"Deer - Doe","Pre","Outside",-29,0
"B14",3,"Deer - Doe","Pre","Outside",-29,0
"B14",3,"Deer - Doe","Pre","Outside",-29,0
"B14",3,"Deer - Doe","Pre","Outside",-29,0
"B14",3,"Deer - Doe","Pre","Outside",-29,0
"B14",3,"Deer - Doe","Pre","Outside",-29,0
"B14",3,"Deer - Doe","Pre","Outside",-29,0
"B14",3,"Deer - Doe","Pre","Outside",-29,0
"B14",3,"Deer - Doe","Pre","Outside",-29,0
"B14",4,"Deer - Doe","Pre","Outside",-29,0
"B14",4,"Deer - Doe","Pre","Outside",-29,0
"D12",4,"Deer - Doe","Pre","Outside",-29,0
"B14",2,"Deer - Buck","Pre","Outside",-28,0
"B14",3,"Deer - Buck","Pre","Outside",-28,0
"B14",3,"Deer - Buck","Pre","Outside",-28,0
"B14",3,"Deer - Buck","Pre","Outside",-28,0
"B14",4,"Deer - Buck","Pre","Outside",-28,0
"B14",3,"Deer - Doe","Pre","Outside",-28,0
"B14",3,"Deer - Doe","Pre","Outside",-28,0
"B14",3,"Deer - Doe","Pre","Outside",-28,0
"B14",3,"Deer - Doe","Pre","Outside",-28,0
"B14",4,"Deer - Doe","Pre","Outside",-28,0
"B14",4,"Deer - Doe","Pre","Outside",-28,0
"B14",3,"Deer - Buck","Pre","Outside",-27,0
"B14",3,"Deer - Buck","Pre","Outside",-27,0
"B14",3,"Deer - Buck","Pre","Outside",-27,0
"B14",3,"Deer - Doe","Pre","Outside",-27,0
"B14",3,"Deer - Doe","Pre","Outside",-27,0
"B14",3,"Deer - Doe","Pre","Outside",-27,0
"B14",3,"Deer - Doe","Pre","Outside",-27,0
"D12",4,"Deer - Doe","Pre","Outside",-27,0
"F10",3,"Deer - Doe","Pre","Outside",-27,0
"B14",3,"Deer - Buck","Pre","Outside",-26,0
"B14",3,"Deer - Buck","Pre","Outside",-26,0
"B14",2,"Deer - Doe","Pre","Outside",-26,0
"B14",2,"Deer - Doe","Pre","Outside",-26,0
"B14",3,"Deer - Doe","Pre","Outside",-26,0
"B14",3,"Deer - Doe","Pre","Outside",-26,0
"B14",3,"Deer - Doe","Pre","Outside",-26,0
"B14",3,"Deer - Doe","Pre","Outside",-26,0
"B14",4,"Deer - Doe","Pre","Outside",-26,0
"B14",4,"Deer - Doe","Pre","Outside",-26,0
"B14",3,"Deer - Buck","Pre","Outside",-25,0
"B14",4,"Deer - Buck","Pre","Outside",-25,0
"B14",3,"Deer - Doe","Pre","Outside",-25,0
"B14",3,"Deer - Doe","Pre","Outside",-25,0
"B14",3,"Deer - Doe","Pre","Outside",-25,0
"B14",4,"Deer - Doe","Pre","Outside",-25,0
"B14",4,"Deer - Doe","Pre","Outside",-25,0
"B14",4,"Deer - Doe","Pre","Outside",-25,0
"B14",4,"Deer - Doe","Pre","Outside",-25,0
"B14",4,"Deer - Doe","Pre","Outside",-25,0
"B14",3,"Deer - Buck","Pre","Outside",-24,0
"B14",3,"Deer - Buck","Pre","Outside",-24,0
"B14",2,"Deer - Doe","Pre","Outside",-24,0
"B14",3,"Deer - Doe","Pre","Outside",-24,0
"B14",4,"Deer - Doe","Pre","Outside",-24,0
"B14",4,"Deer - Doe","Pre","Outside",-24,0
"B14",4,"Deer - Doe","Pre","Outside",-24,0
"B14",4,"Deer - Doe","Pre","Outside",-24,0
"B14",4,"Deer - Doe","Pre","Outside",-24,0
"B14",1,"Deer - Doe","Pre","Outside",-23,0
"B14",2,"Deer - Doe","Pre","Outside",-23,0
"B14",2,"Deer - Doe","Pre","Outside",-23,0
"B14",2,"Deer - Doe","Pre","Outside",-23,0
"B14",2,"Deer - Doe","Pre","Outside",-23,0
"B14",2,"Deer - Doe","Pre","Outside",-23,0
"B14",3,"Deer - Doe","Pre","Outside",-23,0
"B14",3,"Deer - Doe","Pre","Outside",-23,0
"B14",3,"Deer - Doe","Pre","Outside",-23,0
"B14",3,"Deer - Doe","Pre","Outside",-23,0
"B14",3,"Deer - Doe","Pre","Outside",-23,0
"B14",4,"Deer - Doe","Pre","Outside",-23,0
"B14",4,"Deer - Doe","Pre","Outside",-23,0
"B14",4,"Deer - Doe","Pre","Outside",-23,0
"D14",4,"Deer - Doe","Pre","Outside",-23,0
"E15",3,"Deer - Doe","Pre","Outside",-23,0
"F10",4,"Deer - Doe","Pre","Outside",-23,0
"A13",4,"Deer - Doe","Pre","Outside",-22,0
"B14",4,"Deer - Buck","Pre","Outside",-22,0
"B14",5,"Deer - Buck","Pre","Outside",-22,0
"B14",2,"Deer - Doe","Pre","Outside",-22,0
"B14",3,"Deer - Doe","Pre","Outside",-22,0
"B14",3,"Deer - Doe","Pre","Outside",-22,0
"B14",3,"Deer - Doe","Pre","Outside",-22,0
"B14",3,"Deer - Doe","Pre","Outside",-22,0
"B14",3,"Deer - Doe","Pre","Outside",-22,0
"B14",4,"Deer - Doe","Pre","Outside",-22,0
"B14",4,"Deer - Doe","Pre","Outside",-22,0
"B14",4,"Deer - Doe","Pre","Outside",-22,0
"D14",3,"Deer - Doe","Pre","Outside",-22,0
"B14",2,"Deer - Buck","Pre","Outside",-21,0
"B14",3,"Deer - Buck","Pre","Outside",-21,0
"B14",3,"Deer - Buck","Pre","Outside",-21,0
"B14",3,"Deer - Buck","Pre","Outside",-21,0
"B14",4,"Deer - Buck","Pre","Outside",-21,0
"B14",2,"Deer - Doe","Pre","Outside",-21,0
"B14",2,"Deer - Doe","Pre","Outside",-21,0
"B14",3,"Deer - Doe","Pre","Outside",-21,0
"B14",3,"Deer - Doe","Pre","Outside",-21,0
"B14",3,"Deer - Doe","Pre","Outside",-21,0
"B14",3,"Deer - Doe","Pre","Outside",-21,0
"B14",3,"Deer - Doe","Pre","Outside",-21,0
"B14",4,"Deer - Doe","Pre","Outside",-21,0
"A13",4,"Deer - Doe","Pre","Outside",-20,0
"B14",3,"Deer - Buck","Pre","Outside",-20,0
"B14",3,"Deer - Buck","Pre","Outside",-20,0
"B14",3,"Deer - Buck","Pre","Outside",-20,0
"B14",3,"Deer - Buck","Pre","Outside",-20,0
"B14",4,"Deer - Buck","Pre","Outside",-20,0
"B14",4,"Deer - Buck","Pre","Outside",-20,0
"B14",4,"Deer - Buck","Pre","Outside",-20,0
"B14",5,"Deer - Buck","Pre","Outside",-20,0
"B14",2,"Deer - Doe","Pre","Outside",-20,0
"B14",3,"Deer - Doe","Pre","Outside",-20,0
"B14",3,"Deer - Doe","Pre","Outside",-20,0
"B14",3,"Deer - Doe","Pre","Outside",-20,0
"B14",3,"Deer - Doe","Pre","Outside",-20,0
"B14",3,"Deer - Doe","Pre","Outside",-20,0
"B14",4,"Deer - Doe","Pre","Outside",-20,0
"B14",4,"Deer - Doe","Pre","Outside",-20,0
"B14",4,"Deer - Doe","Pre","Outside",-20,0
"B14",4,"Deer - Doe","Pre","Outside",-20,0
"B14",4,"Deer - Doe","Pre","Outside",-20,0
"D14",3,"Deer - Doe","Pre","Outside",-20,0
"D16",5,"Deer - Buck","Pre","Outside",-20,0
"E13",4,"Deer - Doe","Pre","Outside",-20,0
"B14",3,"Deer - Buck","Pre","Outside",-19,0
"B14",4,"Deer - Buck","Pre","Outside",-19,0
"B14",5,"Deer - Buck","Pre","Outside",-19,0
"B14",1,"Deer - Doe","Pre","Outside",-19,0
"B14",1,"Deer - Doe","Pre","Outside",-19,0
"B14",2,"Deer - Doe","Pre","Outside",-19,0
"B14",3,"Deer - Doe","Pre","Outside",-19,0
"B14",3,"Deer - Doe","Pre","Outside",-19,0
"B14",3,"Deer - Doe","Pre","Outside",-19,0
"B14",4,"Deer - Doe","Pre","Outside",-19,0
"B14",4,"Deer - Doe","Pre","Outside",-19,0
"B14",4,"Deer - Doe","Pre","Outside",-19,0
"B14",4,"Deer - Doe","Pre","Outside",-19,0
"B14",4,"Deer - Doe","Pre","Outside",-19,0
"B14",4,"Deer - Buck","Pre","Outside",-18,0
"B14",5,"Deer - Buck","Pre","Outside",-18,0
"B14",1,"Deer - Doe","Pre","Outside",-18,0
"B14",1,"Deer - Doe","Pre","Outside",-18,0
"B14",3,"Deer - Doe","Pre","Outside",-18,0
"B14",3,"Deer - Doe","Pre","Outside",-18,0
"B14",3,"Deer - Doe","Pre","Outside",-18,0
"B14",4,"Deer - Doe","Pre","Outside",-18,0
"B14",4,"Deer - Doe","Pre","Outside",-18,0
"B14",4,"Deer - Doe","Pre","Outside",-18,0
"B14",4,"Deer - Doe","Pre","Outside",-18,0
"D12",4,"Deer - Doe","Pre","Outside",-18,0
"D14",3,"Deer - Doe","Pre","Outside",-18,0
"B14",3,"Deer - Buck","Pre","Outside",-17,0
"B14",4,"Deer - Buck","Pre","Outside",-17,0
"B14",4,"Deer - Buck","Pre","Outside",-17,0
"B14",4,"Deer - Buck","Pre","Outside",-17,0
"B14",1,"Deer - Doe","Pre","Outside",-17,0
"B14",2,"Deer - Doe","Pre","Outside",-17,0
"B14",4,"Deer - Doe","Pre","Outside",-17,0
"B14",4,"Deer - Doe","Pre","Outside",-17,0
"D14",2,"Deer - Doe","Pre","Outside",-17,0
"D14",3,"Deer - Doe","Pre","Outside",-17,0
"B14",3,"Deer - Buck","Pre","Outside",-16,0
"B14",4,"Deer - Buck","Pre","Outside",-16,0
"B14",4,"Deer - Buck","Pre","Outside",-16,0
"B14",4,"Deer - Buck","Pre","Outside",-16,0
"B14",4,"Deer - Buck","Pre","Outside",-16,0
"B14",2,"Deer - Doe","Pre","Outside",-16,0
"B14",3,"Deer - Doe","Pre","Outside",-16,0
"B14",3,"Deer - Doe","Pre","Outside",-16,0
"B14",3,"Deer - Doe","Pre","Outside",-16,0
"B14",3,"Deer - Doe","Pre","Outside",-16,0
"B14",3,"Deer - Doe","Pre","Outside",-16,0
"B14",3,"Deer - Doe","Pre","Outside",-16,0
"B14",4,"Deer - Doe","Pre","Outside",-16,0
"B14",4,"Deer - Doe","Pre","Outside",-16,0
"B14",4,"Deer - Doe","Pre","Outside",-16,0
"B14",4,"Deer - Doe","Pre","Outside",-16,0
"B14",3,"Deer - Buck","Pre","Outside",-15,0
"B14",4,"Deer - Buck","Pre","Outside",-15,0
"B14",2,"Deer - Doe","Pre","Outside",-15,0
"B14",3,"Deer - Doe","Pre","Outside",-15,0
"B14",3,"Deer - Doe","Pre","Outside",-15,0
"B14",3,"Deer - Doe","Pre","Outside",-15,0
"B14",3,"Deer - Doe","Pre","Outside",-15,0
"B14",4,"Deer - Doe","Pre","Outside",-15,0
"B14",4,"Deer - Doe","Pre","Outside",-15,0
"B14",4,"Deer - Doe","Pre","Outside",-15,0
"B14",4,"Deer - Doe","Pre","Outside",-15,0
"B14",3,"Deer - Buck","Pre","Outside",-14,0
"B14",3,"Deer - Buck","Pre","Outside",-14,0
"B14",4,"Deer - Buck","Pre","Outside",-14,0
"B14",4,"Deer - Buck","Pre","Outside",-14,0
"B14",3,"Deer - Doe","Pre","Outside",-14,0
"B14",3,"Deer - Doe","Pre","Outside",-14,0
"B14",3,"Deer - Doe","Pre","Outside",-14,0
"B14",3,"Deer - Doe","Pre","Outside",-14,0
"B14",3,"Deer - Doe","Pre","Outside",-14,0
"B14",3,"Deer - Doe","Pre","Outside",-14,0
"B14",4,"Deer - Doe","Pre","Outside",-14,0
"B14",4,"Deer - Doe","Pre","Outside",-14,0
"B14",4,"Deer - Doe","Pre","Outside",-14,0
"B14",4,"Deer - Doe","Pre","Outside",-14,0
"E15",3,"Deer - Doe","Pre","Outside",-14,0
"B14",2,"Deer - Buck","Pre","Outside",-13,0
"B14",4,"Deer - Buck","Pre","Outside",-13,0
"B14",2,"Deer - Doe","Pre","Outside",-13,0
"B14",2,"Deer - Doe","Pre","Outside",-13,0
"B14",3,"Deer - Doe","Pre","Outside",-13,0
"B14",3,"Deer - Doe","Pre","Outside",-13,0
"B14",4,"Deer - Doe","Pre","Outside",-13,0
"B14",4,"Deer - Doe","Pre","Outside",-13,0
"B14",4,"Deer - Doe","Pre","Outside",-13,0
"B14",4,"Deer - Doe","Pre","Outside",-13,0
"B14",4,"Deer - Doe","Pre","Outside",-13,0
"B14",4,"Deer - Doe","Pre","Outside",-13,0
"C17",3,"Deer - Doe","Pre","Outside",-13,0
"B14",3,"Deer - Buck","Pre","Outside",-12,0
"B14",4,"Deer - Buck","Pre","Outside",-12,0
"B14",4,"Deer - Buck","Pre","Outside",-12,0
"B14",4,"Deer - Buck","Pre","Outside",-12,0
"B14",2,"Deer - Doe","Pre","Outside",-12,0
"B14",3,"Deer - Doe","Pre","Outside",-12,0
"B14",3,"Deer - Doe","Pre","Outside",-12,0
"B14",3,"Deer - Doe","Pre","Outside",-12,0
"B14",3,"Deer - Doe","Pre","Outside",-12,0
"B14",4,"Deer - Doe","Pre","Outside",-12,0
"D14",4,"Deer - Doe","Pre","Outside",-12,0
"E15",3,"Deer - Doe","Pre","Outside",-12,0
"B14",2,"Deer - Buck","Pre","Outside",-11,0
"B14",3,"Deer - Buck","Pre","Outside",-11,0
"B14",4,"Deer - Buck","Pre","Outside",-11,0
"B14",2,"Deer - Doe","Pre","Outside",-11,0
"B14",3,"Deer - Doe","Pre","Outside",-11,0
"B14",3,"Deer - Doe","Pre","Outside",-11,0
"B14",3,"Deer - Doe","Pre","Outside",-11,0
"B14",3,"Deer - Doe","Pre","Outside",-11,0
"B14",3,"Deer - Doe","Pre","Outside",-11,0
"B14",4,"Deer - Doe","Pre","Outside",-11,0
"B14",3,"Deer - Buck","Pre","Outside",-10,0
"B14",4,"Deer - Buck","Pre","Outside",-10,0
"B14",4,"Deer - Buck","Pre","Outside",-10,0
"B14",4,"Deer - Buck","Pre","Outside",-10,0
"B14",1,"Deer - Doe","Pre","Outside",-10,0
"B14",2,"Deer - Doe","Pre","Outside",-10,0
"B14",3,"Deer - Doe","Pre","Outside",-10,0
"B14",3,"Deer - Doe","Pre","Outside",-10,0
"B14",3,"Deer - Doe","Pre","Outside",-10,0
"B14",3,"Deer - Doe","Pre","Outside",-10,0
"B14",3,"Deer - Doe","Pre","Outside",-10,0
"B14",4,"Deer - Doe","Pre","Outside",-10,0
"B14",4,"Deer - Doe","Pre","Outside",-10,0
"B14",4,"Deer - Doe","Pre","Outside",-10,0
"F10",3,"Deer - Doe","Pre","Outside",-10,0
"F10",3,"Deer - Doe","Pre","Outside",-10,0
"F10",4,"Deer - Doe","Pre","Outside",-10,0
"B14",3,"Deer - Buck","Pre","Outside",-9,0
"B14",3,"Deer - Buck","Pre","Outside",-9,0
"B14",4,"Deer - Buck","Pre","Outside",-9,0
"B14",4,"Deer - Buck","Pre","Outside",-9,0
"B14",4,"Deer - Buck","Pre","Outside",-9,0
"B14",5,"Deer - Buck","Pre","Outside",-9,0
"B14",2,"Deer - Doe","Pre","Outside",-9,0
"B14",2,"Deer - Doe","Pre","Outside",-9,0
"B14",3,"Deer - Doe","Pre","Outside",-9,0
"B14",3,"Deer - Doe","Pre","Outside",-9,0
"E13",3,"Deer - Doe","Pre","Outside",-9,0
"B14",3,"Deer - Buck","Pre","Outside",-8,0
"B14",4,"Deer - Buck","Pre","Outside",-8,0
"B14",3,"Deer - Doe","Pre","Outside",-8,0
"B14",3,"Deer - Doe","Pre","Outside",-8,0
"B14",3,"Deer - Doe","Pre","Outside",-8,0
"B14",3,"Deer - Doe","Pre","Outside",-8,0
"B14",4,"Deer - Doe","Pre","Outside",-8,0
"E13",3,"Deer - Buck","Pre","Outside",-8,0
"E13",4,"Deer - Doe","Pre","Outside",-8,0
"B14",2,"Deer - Buck","Pre","Outside",-7,0
"B14",3,"Deer - Buck","Pre","Outside",-7,0
"B14",3,"Deer - Buck","Pre","Outside",-7,0
"B14",4,"Deer - Buck","Pre","Outside",-7,0
"B14",4,"Deer - Buck","Pre","Outside",-7,0
"B14",3,"Deer - Doe","Pre","Outside",-7,0
"B14",3,"Deer - Doe","Pre","Outside",-7,0
"B14",3,"Deer - Doe","Pre","Outside",-7,0
"B14",3,"Deer - Doe","Pre","Outside",-7,0
"B14",3,"Deer - Doe","Pre","Outside",-7,0
"B14",4,"Deer - Doe","Pre","Outside",-7,0
"B14",4,"Deer - Doe","Pre","Outside",-7,0
"D16",4,"Deer - Doe","Pre","Outside",-7,0
"B14",2,"Deer - Buck","Pre","Outside",-6,0
"B14",2,"Deer - Buck","Pre","Outside",-6,0
"B14",3,"Deer - Buck","Pre","Outside",-6,0
"B14",2,"Deer - Doe","Pre","Outside",-6,0
"B14",3,"Deer - Doe","Pre","Outside",-6,0
"B14",3,"Deer - Doe","Pre","Outside",-6,0
"B14",3,"Deer - Doe","Pre","Outside",-6,0
"D14",4,"Deer - Doe","Pre","Outside",-6,0
"D14",4,"Deer - Doe","Pre","Outside",-6,0
"E13",4,"Deer - Doe","Pre","Outside",-6,0
"E15",3,"Deer - Doe","Pre","Outside",-6,0
"B14",3,"Deer - Buck","Pre","Outside",-5,0
"B14",4,"Deer - Buck","Pre","Outside",-5,0
"B14",2,"Deer - Doe","Pre","Outside",-5,0
"B14",2,"Deer - Doe","Pre","Outside",-5,0
"B14",3,"Deer - Doe","Pre","Outside",-5,0
"B14",3,"Deer - Doe","Pre","Outside",-5,0
"B14",3,"Deer - Doe","Pre","Outside",-5,0
"B14",3,"Deer - Doe","Pre","Outside",-5,0
"B14",3,"Deer - Doe","Pre","Outside",-5,0
"B14",3,"Deer - Buck","Pre","Outside",-4,0
"B14",4,"Deer - Buck","Pre","Outside",-4,0
"B14",1,"Deer - Doe","Pre","Outside",-4,0
"B14",2,"Deer - Doe","Pre","Outside",-4,0
"B14",2,"Deer - Doe","Pre","Outside",-4,0
"B14",2,"Deer - Doe","Pre","Outside",-4,0
"B14",3,"Deer - Doe","Pre","Outside",-4,0
"B14",3,"Deer - Doe","Pre","Outside",-4,0
"B14",3,"Deer - Doe","Pre","Outside",-4,0
"B14",4,"Deer - Doe","Pre","Outside",-4,0
"B14",4,"Deer - Doe","Pre","Outside",-4,0
"B14",3,"Deer - Buck","Pre","Outside",-3,0
"B14",3,"Deer - Buck","Pre","Outside",-3,0
"B14",1,"Deer - Doe","Pre","Outside",-3,0
"B14",2,"Deer - Doe","Pre","Outside",-3,0
"B14",2,"Deer - Doe","Pre","Outside",-3,0
"B14",2,"Deer - Doe","Pre","Outside",-3,0
"B14",3,"Deer - Doe","Pre","Outside",-3,0
"B14",3,"Deer - Doe","Pre","Outside",-3,0
"B14",3,"Deer - Doe","Pre","Outside",-3,0
"B14",3,"Deer - Doe","Pre","Outside",-3,0
"B14",4,"Deer - Doe","Pre","Outside",-3,0
"E13",3,"Deer - Buck","Pre","Outside",-3,0
"E13",3,"Deer - Doe","Pre","Outside",-3,0
"B14",3,"Deer - Buck","Pre","Outside",-2,0
"B14",3,"Deer - Buck","Pre","Outside",-2,0
"B14",3,"Deer - Buck","Pre","Outside",-2,0
"B14",4,"Deer - Buck","Pre","Outside",-2,0
"B14",1,"Deer - Doe","Pre","Outside",-2,0
"B14",2,"Deer - Doe","Pre","Outside",-2,0
"B14",3,"Deer - Doe","Pre","Outside",-2,0
"B14",3,"Deer - Doe","Pre","Outside",-2,0
"B14",4,"Deer - Doe","Pre","Outside",-2,0
"C17",3,"Deer - Doe","Pre","Outside",-2,0
"D16",3,"Deer - Doe","Pre","Outside",-2,0
"D16",4,"Deer - Doe","Pre","Outside",-2,0
"F10",4,"Deer - Doe","Pre","Outside",-2,0
"B14",1,"Deer - Doe","Pre","Outside",-1,0
"B14",3,"Deer - Doe","Pre","Outside",-1,0
"B14",3,"Deer - Doe","Pre","Outside",-1,0
"B14",3,"Deer - Doe","Pre","Outside",-1,0
"B14",3,"Deer - Doe","Pre","Outside",-1,0
"B14",3,"Deer - Doe","Pre","Outside",-1,0
"B14",4,"Deer - Doe","Pre","Outside",-1,0
"B14",4,"Deer - Doe","Pre","Outside",-1,0
"E13",3,"Deer - Buck","Pre","Outside",-1,0
"E13",3,"Deer - Doe","Pre","Outside",-1,0
"B14",3,"Deer - Buck","Pre","Outside",0,0
"B14",3,"Deer - Doe","Pre","Outside",0,0
"B14",3,"Deer - Doe","Pre","Outside",0,0
"B14",3,"Deer - Doe","Pre","Outside",0,0
"B14",3,"Deer - Doe","Pre","Outside",0,0
"B14",4,"Deer - Doe","Pre","Outside",0,0
"D14",1,"Deer - Doe","Pre","Outside",0,0
"D14",2,"Deer - Doe","Pre","Outside",0,0
"B12",3,"Deer - Doe","Post","Outside",1,1
"B14",2,"Deer - Buck","Post","Outside",1,1
"B14",3,"Deer - Buck","Post","Outside",1,1
"B14",3,"Deer - Buck","Post","Outside",1,1
"B14",2,"Deer - Doe","Post","Outside",1,1
"B14",2,"Deer - Doe","Post","Outside",1,1
"B14",3,"Deer - Doe","Post","Outside",1,1
"B14",3,"Deer - Doe","Post","Outside",1,1
"B14",3,"Deer - Doe","Post","Outside",1,1
"B14",3,"Deer - Doe","Post","Outside",1,1
"B14",3,"Deer - Doe","Post","Outside",1,1
"B14",3,"Deer - Doe","Post","Outside",1,1
"B14",3,"Deer - Doe","Post","Outside",1,1
"B14",4,"Deer - Doe","Post","Outside",1,1
"B14",4,"Deer - Doe","Post","Outside",1,1
"D14",2,"Deer - Doe","Post","Outside",1,1
"D14",4,"Deer - Doe","Post","Outside",1,1
"B14",2,"Deer - Buck","Post","Outside",2,2
"B14",3,"Deer - Buck","Post","Outside",2,2
"B14",1,"Deer - Doe","Post","Outside",2,2
"B14",2,"Deer - Doe","Post","Outside",2,2
"B14",3,"Deer - Doe","Post","Outside",2,2
"B14",3,"Deer - Doe","Post","Outside",2,2
"B14",3,"Deer - Doe","Post","Outside",2,2
"B14",3,"Deer - Doe","Post","Outside",2,2
"D14",4,"Deer - Doe","Post","Outside",2,2
"D16",3,"Deer - Doe","Post","Outside",2,2
"E13",4,"Deer - Doe","Post","Outside",4,4
"E15",2,"Deer - Doe","Post","Outside",5,5
"B14",4,"Deer - Doe","Post","Outside",6,6
"C17",3,"Deer - Doe","Post","Outside",6,6
"E13",3,"Deer - Buck","Post","Outside",6,6
"E13",4,"Deer - Doe","Post","Outside",6,6
"B14",3,"Deer - Doe","Post","Outside",7,7
"B14",3,"Deer - Doe","Post","Outside",7,7
"B14",4,"Deer - Doe","Post","Outside",7,7
"B14",4,"Deer - Doe","Post","Outside",7,7
"D12",4,"Deer - Doe","Post","Outside",7,7
"E15",3,"Deer - Doe","Post","Outside",7,7
"B14",4,"Deer - Buck","Post","Outside",8,8
"B14",2,"Deer - Doe","Post","Outside",8,8
"B14",3,"Deer - Doe","Post","Outside",8,8
"B14",4,"Deer - Doe","Post","Outside",8,8
"E13",3,"Deer - Buck","Post","Outside",8,8
"E13",4,"Deer - Doe","Post","Outside",8,8
"B14",3,"Deer - Doe","Post","Outside",9,9
"E13",4,"Deer - Doe","Post","Outside",9,9
"B14",3,"Deer - Doe","Post","Outside",11,11
"B14",3,"Deer - Doe","Post","Outside",11,11
"D14",3,"Deer - Doe","Post","Outside",11,11
"E13",3,"Deer - Doe","Post","Outside",11,11
"E13",4,"Deer - Doe","Post","Outside",11,11
"F10",3,"Deer - Buck","Post","Outside",11,11
"B14",3,"Deer - Buck","Post","Outside",12,12
"B14",4,"Deer - Doe","Post","Outside",12,12
"D12",2,"Deer - Doe","Post","Outside",12,12
"D12",2,"Deer - Doe","Post","Outside",12,12
"B14",3,"Deer - Doe","Post","Outside",13,13
"B14",4,"Deer - Doe","Post","Outside",13,13
"D16",3,"Deer - Doe","Post","Outside",13,13
"D16",3,"Deer - Doe","Post","Outside",14,14
"D16",4,"Deer - Doe","Post","Outside",14,14
"B14",4,"Deer - Doe","Post","Outside",15,15
"E13",4,"Deer - Doe","Post","Outside",16,16
"D14",3,"Deer - Doe","Post","Outside",17,17
"F10",3,"Deer - Doe","Post","Outside",17,17
"F10",4,"Deer - Doe","Post","Outside",17,17
"B14",2,"Deer - Doe","Post","Outside",18,18
"B14",3,"Deer - Doe","Post","Outside",18,18
"B14",3,"Deer - Doe","Post","Outside",18,18
"B14",3,"Deer - Doe","Post","Outside",18,18
"B14",4,"Deer - Doe","Post","Outside",18,18
"B14",4,"Deer - Doe","Post","Outside",18,18
"D12",3,"Deer - Doe","Post","Outside",18,18
"D16",4,"Deer - Doe","Post","Outside",18,18
"F10",3,"Deer - Doe","Post","Outside",18,18
"B14",3,"Deer - Doe","Post","Outside",19,19
"B14",3,"Deer - Doe","Post","Outside",19,19
"D12",4,"Deer - Doe","Post","Outside",19,19
"D12",4,"Deer - Doe","Post","Outside",19,19
"E13",4,"Deer - Doe","Post","Outside",19,19
"F10",3,"Deer - Doe","Post","Outside",19,19
"E13",1,"Deer - Doe","Post","Outside",20,20
"B14",3,"Deer - Doe","Post","Outside",21,21
"B14",3,"Deer - Doe","Post","Outside",21,21
"C17",4,"Deer - Doe","Post","Outside",22,22
"D16",3,"Deer - Doe","Post","Outside",22,22
"D16",4,"Deer - Doe","Post","Outside",22,22
"B12",4,"Deer - Buck","Post","Outside",23,23
"B14",3,"Deer - Buck","Post","Outside",23,23
"B14",3,"Deer - Buck","Post","Outside",23,23
"B14",2,"Deer - Doe","Post","Outside",23,23
"B14",3,"Deer - Buck","Post","Outside",24,24
"B14",3,"Deer - Doe","Post","Outside",24,24
"B12",3,"Deer - Doe","Post","Outside",25,25
"B14",4,"Deer - Buck","Post","Outside",25,25
"B14",5,"Deer - Buck","Post","Outside",25,25
"B14",3,"Deer - Doe","Post","Outside",25,25
"D12",3,"Deer - Doe","Post","Outside",25,25
"B12",4,"Deer - Doe","Post","Outside",26,26
"B14",2,"Deer - Doe","Post","Outside",26,26
"B14",3,"Deer - Doe","Post","Outside",26,26
"B14",3,"Deer - Doe","Post","Outside",26,26
"F10",2,"Deer - Doe","Post","Outside",26,26
"F10",2,"Deer - Doe","Post","Outside",26,26
"B12",2,"Deer - Doe","Post","Outside",27,27
"C17",4,"Deer - Doe","Post","Outside",27,27
"D12",3,"Deer - Doe","Post","Outside",27,27
"D12",3,"Deer - Doe","Post","Outside",27,27
"D12",4,"Deer - Doe","Post","Outside",27,27
"D12",4,"Deer - Doe","Post","Outside",27,27
"D12",4,"Deer - Doe","Post","Outside",27,27
"D14",3,"Deer - Doe","Post","Outside",27,27
"D16",3,"Deer - Doe","Post","Outside",27,27
"B12",4,"Deer - Doe","Post","Outside",28,28
"D14",3,"Deer - Doe","Post","Outside",28,28
"B14",3,"Deer - Doe","Post","Outside",29,29
"B14",4,"Deer - Doe","Post","Outside",29,29
"C17",4,"Deer - Doe","Post","Outside",29,29
"F10",3,"Deer - Doe","Post","Outside",29,29
"D14",3,"Deer - Doe","Post","Outside",30,30
"D14",4,"Deer - Doe","Post","Outside",30,30
"D16",3,"Deer - Doe","Post","Outside",30,30
"A13",4,"Deer - Doe","Post","Outside",31,31
"B14",1,"Deer - Doe","Post","Outside",31,31
"B14",2,"Deer - Doe","Post","Outside",31,31
"B14",3,"Deer - Doe","Post","Outside",31,31
"B14",3,"Deer - Doe","Post","Outside",31,31
"D14",3,"Deer - Doe","Post","Outside",31,31
"D16",3,"Deer - Doe","Post","Outside",31,31
"B14",4,"Deer - Doe","Post","Outside",32,32
"E13",2,"Deer - Doe","Post","Outside",32,32
"B14",2,"Deer - Doe","Post","Outside",33,33
"B14",4,"Deer - Doe","Post","Outside",33,33
"D12",4,"Deer - Doe","Post","Outside",33,33
"D14",3,"Deer - Doe","Post","Outside",33,33
"B12",3,"Deer - Doe","Post","Outside",34,34
"B12",4,"Deer - Doe","Post","Outside",34,34
"B14",3,"Deer - Buck","Post","Outside",34,34
"B14",4,"Deer - Buck","Post","Outside",34,34
"D14",3,"Deer - Doe","Post","Outside",34,34
"E15",2,"Deer - Doe","Post","Outside",34,34
"F10",3,"Deer - Doe","Post","Outside",34,34
"B14",2,"Deer - Buck","Post","Outside",35,35
"B14",3,"Deer - Buck","Post","Outside",35,35
"B14",3,"Deer - Buck","Post","Outside",35,35
"B14",3,"Deer - Buck","Post","Outside",35,35
"B14",4,"Deer - Buck","Post","Outside",35,35
"B14",2,"Deer - Doe","Post","Outside",35,35
"B14",2,"Deer - Doe","Post","Outside",35,35
"C17",4,"Deer - Doe","Post","Outside",35,35
"D14",1,"Deer - Doe","Post","Outside",35,35
"D14",3,"Deer - Doe","Post","Outside",35,35
"E15",2,"Deer - Doe","Post","Outside",35,35
"D14",1,"Deer - Doe","Post","Outside",37,37
"D14",1,"Deer - Doe","Post","Outside",37,37
"B14",3,"Deer - Doe","Post","Outside",38,38
"D14",1,"Deer - Doe","Post","Outside",38,38
"D14",1,"Deer - Doe","Post","Outside",38,38
"F10",3,"Deer - Doe","Post","Outside",38,38
"B12",2,"Deer - Doe","Post","Outside",39,39
"B12",3,"Deer - Doe","Post","Outside",39,39
"D14",1,"Deer - Doe","Post","Outside",39,39
"D16",3,"Deer - Doe","Post","Outside",39,39
"D16",3,"Deer - Doe","Post","Outside",40,40
"B12",3,"Deer - Doe","Post","Outside",41,41
"C15",3,"Deer - Doe","Post","Outside",41,41
"D14",2,"Deer - Doe","Post","Outside",41,41
"D14",4,"Deer - Doe","Post","Outside",41,41
"F10",3,"Deer - Doe","Post","Outside",41,41
"B12",4,"Deer - Buck","Post","Outside",42,42
"B14",4,"Deer - Doe","Post","Outside",43,43
"D14",4,"Deer - Doe","Post","Outside",43,43
"C15",3,"Deer - Doe","Post","Outside",44,44
"D14",2,"Deer - Doe","Post","Outside",44,44
"D14",2,"Deer - Doe","Post","Outside",45,45
"D14",3,"Deer - Doe","Post","Outside",45,45
"D12",3,"Deer - Doe","Post","Outside",46,46
"D12",3,"Deer - Doe","Post","Outside",46,46
"B14",1,"Deer - Doe","Post","Outside",47,47
"B14",2,"Deer - Doe","Post","Outside",47,47
"B14",3,"Deer - Doe","Post","Outside",47,47
"B14",3,"Deer - Doe","Post","Outside",47,47
"B14",4,"Deer - Buck","Post","Outside",48,48
"B14",3,"Deer - Doe","Post","Outside",49,49
"B14",3,"Deer - Doe","Post","Outside",49,49
"C17",3,"Deer - Doe","Post","Outside",49,49
"B14",3,"Deer - Doe","Post","Outside",50,50
"B14",3,"Deer - Doe","Post","Outside",50,50
"D14",4,"Deer - Doe","Post","Outside",50,50
"E15",4,"Deer - Doe","Post","Outside",50,50
"B14",5,"Deer - Buck","Post","Outside",51,51
"B14",2,"Deer - Doe","Post","Outside",51,51
"B14",2,"Deer - Doe","Post","Outside",51,51
"B14",3,"Deer - Doe","Post","Outside",51,51
"B14",4,"Deer - Doe","Post","Outside",51,51
"C17",3,"Deer - Doe","Post","Outside",51,51
"D16",3,"Deer - Doe","Post","Outside",51,51
"D16",4,"Deer - Doe","Post","Outside",51,51
"B12",4,"Deer - Doe","Post","Outside",52,52
"B14",4,"Deer - Buck","Post","Outside",53,53
"B14",5,"Deer - Buck","Post","Outside",53,53
"B14",3,"Deer - Doe","Post","Outside",53,53
"B14",3,"Deer - Doe","Post","Outside",53,53
"B14",3,"Deer - Doe","Post","Outside",53,53
"C17",3,"Deer - Doe","Post","Outside",53,53
"D14",3,"Deer - Doe","Post","Outside",53,53
"B14",3,"Deer - Doe","Post","Outside",54,54
"B14",3,"Deer - Doe","Post","Outside",54,54
"B14",3,"Deer - Doe","Post","Outside",54,54
"D12",4,"Deer - Doe","Post","Outside",54,54
"B14",3,"Deer - Doe","Post","Outside",55,55
"D14",4,"Deer - Doe","Post","Outside",55,55
"D14",4,"Deer - Doe","Post","Outside",55,55
"C15",4,"Deer - Doe","Post","Outside",56,56
"C15",4,"Deer - Doe","Post","Outside",56,56
"B12",4,"Deer - Buck","Post","Outside",57,57
"B14",3,"Deer - Doe","Post","Outside",57,57
"C15",2,"Deer - Buck","Post","Outside",57,57
"D12",2,"Deer - Doe","Post","Outside",57,57
"B14",3,"Deer - Buck","Post","Outside",58,58
"B14",4,"Deer - Buck","Post","Outside",58,58
"B14",3,"Deer - Doe","Post","Outside",58,58
"C17",3,"Deer - Doe","Post","Outside",58,58
"E13",4,"Deer - Doe","Post","Outside",58,58
"B12",4,"Deer - Doe","Post","Outside",59,59
"B14",3,"Deer - Doe","Post","Outside",59,59
"C15",5,"Deer - Buck","Post","Outside",59,59
"D12",3,"Deer - Doe","Post","Outside",59,59
"D12",4,"Deer - Doe","Post","Outside",59,59
"D16",3,"Deer - Doe","Post","Outside",59,59
"E13",4,"Deer - Doe","Post","Outside",59,59
"E15",3,"Deer - Doe","Post","Outside",59,59
"F10",4,"Deer - Doe","Post","Outside",59,59
"B14",3,"Deer - Buck","Post","Outside",60,60
"B14",4,"Deer - Buck","Post","Outside",60,60
"B14",4,"Deer - Doe","Post","Outside",60,60
"C15",2,"Deer - Doe","Post","Outside",60,60
"C17",5,"Deer - Buck","Post","Outside",60,60
"D12",2,"Deer - Doe","Post","Outside",60,60
"D12",4,"Deer - Doe","Post","Outside",60,60
"D16",4,"Deer - Doe","Post","Outside",60,60
"D16",4,"Deer - Doe","Post","Outside",60,60
"B14",3,"Deer - Buck","Post","Outside",61,61
"B14",3,"Deer - Buck","Post","Outside",61,61
"B14",4,"Deer - Buck","Post","Outside",61,61
"B14",4,"Deer - Buck","Post","Outside",61,61
"B14",2,"Deer - Doe","Post","Outside",61,61
"B14",3,"Deer - Doe","Post","Outside",61,61
"E15",1,"Deer - Doe","Post","Outside",61,61
"C09",2,"Deer - Doe","Pre","Inside",-60,0
"D04",5,"Deer - Buck","Pre","Inside",-60,0
"E05",4,"Deer - Buck","Pre","Inside",-60,0
"E05",3,"Deer - Doe","Pre","Inside",-60,0
"E05",3,"Deer - Doe","Pre","Inside",-60,0
"E05",4,"Deer - Buck","Pre","Inside",-59,0
"E05",4,"Deer - Buck","Pre","Inside",-59,0
"E05",2,"Deer - Doe","Pre","Inside",-59,0
"E05",4,"Deer - Doe","Pre","Inside",-59,0
"F06",4,"Deer - Doe","Pre","Inside",-59,0
"C09",3,"Deer - Doe","Pre","Inside",-58,0
"E05",5,"Deer - Buck","Pre","Inside",-58,0
"E05",3,"Deer - Doe","Pre","Inside",-58,0
"F10",3,"Deer - Buck","Pre","Inside",-58,0
"B10",4,"Deer - Doe","Pre","Inside",-57,0
"D04",3,"Deer - Doe","Pre","Inside",-57,0
"E05",3,"Deer - Doe","Pre","Inside",-57,0
"G09",4,"Deer - Buck","Pre","Inside",-57,0
"C03",4,"Deer - Buck","Pre","Inside",-56,0
"E07",4,"Deer - Doe","Pre","Inside",-56,0
"E11",4,"Deer - Buck","Pre","Inside",-56,0
"C03",3,"Deer - Buck","Pre","Inside",-55,0
"C09",4,"Deer - Doe","Pre","Inside",-54,0
"C09",4,"Deer - Doe","Pre","Inside",-54,0
"D08",5,"Deer - Buck","Pre","Inside",-54,0
"E05",3,"Deer - Buck","Pre","Inside",-54,0
"E05",3,"Deer - Doe","Pre","Inside",-54,0
"E05",4,"Deer - Doe","Pre","Inside",-54,0
"C09",4,"Deer - Doe","Pre","Inside",-53,0
"D08",3,"Deer - Buck","Pre","Inside",-53,0
"D08",3,"Deer - Doe","Pre","Inside",-53,0
"E05",3,"Deer - Doe","Pre","Inside",-53,0
"E09",1,"Deer - Doe","Pre","Inside",-53,0
"F08",3,"Deer - Doe","Pre","Inside",-53,0
"D04",4,"Deer - Doe","Pre","Inside",-52,0
"E05",4,"Deer - Buck","Pre","Inside",-52,0
"E05",4,"Deer - Doe","Pre","Inside",-52,0
"F10",4,"Deer - Doe","Pre","Inside",-52,0
"G11",2,"Deer - Doe","Pre","Inside",-52,0
"D04",1,"Deer - Doe","Pre","Inside",-51,0
"D04",3,"Deer - Doe","Pre","Inside",-51,0
"D04",4,"Deer - Doe","Pre","Inside",-51,0
"D08",3,"Deer - Buck","Pre","Inside",-51,0
"D08",4,"Deer - Buck","Pre","Inside",-51,0
"E05",4,"Deer - Buck","Pre","Inside",-51,0
"E05",1,"Deer - Doe","Pre","Inside",-51,0
"E05",3,"Deer - Doe","Pre","Inside",-51,0
"E07",3,"Deer - Doe","Pre","Inside",-51,0
"B02",3,"Deer - Buck","Pre","Inside",-50,0
"B10",4,"Deer - Doe","Pre","Inside",-50,0
"D04",3,"Deer - Doe","Pre","Inside",-50,0
"D08",3,"Deer - Buck","Pre","Inside",-50,0
"D08",3,"Deer - Buck","Pre","Inside",-50,0
"D08",3,"Deer - Buck","Pre","Inside",-50,0
"D08",4,"Deer - Buck","Pre","Inside",-50,0
"E05",4,"Deer - Buck","Pre","Inside",-50,0
"E05",4,"Deer - Doe","Pre","Inside",-50,0
"E05",4,"Deer - Doe","Pre","Inside",-50,0
"F08",3,"Deer - Doe","Pre","Inside",-50,0
"C09",4,"Deer - Doe","Pre","Inside",-49,0
"D04",3,"Deer - Doe","Pre","Inside",-49,0
"D08",3,"Deer - Buck","Pre","Inside",-49,0
"D08",3,"Deer - Buck","Pre","Inside",-49,0
"D08",3,"Deer - Buck","Pre","Inside",-49,0
"D08",4,"Deer - Buck","Pre","Inside",-49,0
"D08",4,"Deer - Buck","Pre","Inside",-49,0
"D08",4,"Deer - Doe","Pre","Inside",-49,0
"F06",4,"Deer - Doe","Pre","Inside",-49,0
"F10",4,"Deer - Doe","Pre","Inside",-49,0
"G11",1,"Deer - Doe","Pre","Inside",-49,0
"C03",4,"Deer - Doe","Pre","Inside",-48,0
"E11",2,"Deer - Doe","Pre","Inside",-48,0
"F10",4,"Deer - Buck","Pre","Inside",-48,0
"F10",4,"Deer - Doe","Pre","Inside",-48,0
"B02",3,"Deer - Buck","Pre","Inside",-47,0
"B02",4,"Deer - Buck","Pre","Inside",-47,0
"B02",4,"Deer - Buck","Pre","Inside",-47,0
"B02",4,"Deer - Buck","Pre","Inside",-47,0
"B10",3,"Deer - Buck","Pre","Inside",-47,0
"D04",4,"Deer - Doe","Pre","Inside",-47,0
"D08",4,"Deer - Buck","Pre","Inside",-47,0
"D08",3,"Deer - Doe","Pre","Inside",-47,0
"E05",4,"Deer - Buck","Pre","Inside",-47,0
"F08",3,"Deer - Doe","Pre","Inside",-47,0
"B02",3,"Deer - Buck","Pre","Inside",-46,0
"C09",4,"Deer - Doe","Pre","Inside",-46,0
"D04",1,"Deer - Doe","Pre","Inside",-46,0
"D04",2,"Deer - Doe","Pre","Inside",-46,0
"D04",3,"Deer - Doe","Pre","Inside",-46,0
"D04",4,"Deer - Doe","Pre","Inside",-46,0
"D08",3,"Deer - Buck","Pre","Inside",-46,0
"D08",3,"Deer - Buck","Pre","Inside",-46,0
"D08",3,"Deer - Buck","Pre","Inside",-46,0
"D08",3,"Deer - Buck","Pre","Inside",-46,0
"D08",4,"Deer - Doe","Pre","Inside",-46,0
"E05",3,"Deer - Doe","Pre","Inside",-46,0
"E05",3,"Deer - Doe","Pre","Inside",-46,0
"E05",3,"Deer - Doe","Pre","Inside",-46,0
"E11",3,"Deer - Buck","Pre","Inside",-46,0
"G11",3,"Deer - Buck","Pre","Inside",-46,0
"B02",3,"Deer - Doe","Pre","Inside",-45,0
"B02",4,"Deer - Doe","Pre","Inside",-45,0
"C09",4,"Deer - Doe","Pre","Inside",-45,0
"D04",3,"Deer - Doe","Pre","Inside",-45,0
"D04",4,"Deer - Doe","Pre","Inside",-45,0
"D04",4,"Deer - Doe","Pre","Inside",-45,0
"D04",4,"Deer - Doe","Pre","Inside",-45,0
"D06",3,"Deer - Doe","Pre","Inside",-45,0
"D08",3,"Deer - Buck","Pre","Inside",-45,0
"B02",2,"Deer - Buck","Pre","Inside",-44,0
"B02",4,"Deer - Doe","Pre","Inside",-44,0
"D08",2,"Deer - Buck","Pre","Inside",-44,0
"D08",3,"Deer - Buck","Pre","Inside",-44,0
"D08",4,"Deer - Doe","Pre","Inside",-44,0
"E05",3,"Deer - Doe","Pre","Inside",-44,0
"F08",2,"Deer - Doe","Pre","Inside",-44,0
"G09",3,"Deer - Buck","Pre","Inside",-44,0
"C03",5,"Deer - Doe","Pre","Inside",-43,0
"D04",1,"Deer - Doe","Pre","Inside",-43,0
"D04",3,"Deer - Doe","Pre","Inside",-43,0
"D04",4,"Deer - Doe","Pre","Inside",-43,0
"D08",2,"Deer - Buck","Pre","Inside",-43,0
"D08",2,"Deer - Buck","Pre","Inside",-43,0
"D08",3,"Deer - Buck","Pre","Inside",-43,0
"D08",5,"Deer - Buck","Pre","Inside",-43,0
"D08",3,"Deer - Doe","Pre","Inside",-43,0
"E05",3,"Deer - Buck","Pre","Inside",-43,0
"E05",5,"Deer - Buck","Pre","Inside",-43,0
"E05",3,"Deer - Doe","Pre","Inside",-43,0
"E05",3,"Deer - Doe","Pre","Inside",-43,0
"E05",3,"Deer - Doe","Pre","Inside",-43,0
"B02",2,"Deer - Buck","Pre","Inside",-42,0
"B02",4,"Deer - Doe","Pre","Inside",-42,0
"C03",5,"Deer - Doe","Pre","Inside",-42,0
"C03",5,"Deer - Doe","Pre","Inside",-42,0
"D04",4,"Deer - Doe","Pre","Inside",-42,0
"D04",4,"Deer - Doe","Pre","Inside",-42,0
"D08",2,"Deer - Buck","Pre","Inside",-42,0
"D08",4,"Deer - Doe","Pre","Inside",-42,0
"C03",4,"Deer - Doe","Pre","Inside",-41,0
"C03",4,"Deer - Doe","Pre","Inside",-41,0
"C03",5,"Deer - Doe","Pre","Inside",-41,0
"D04",3,"Deer - Doe","Pre","Inside",-41,0
"D06",2,"Deer - Doe","Pre","Inside",-41,0
"D06",3,"Deer - Doe","Pre","Inside",-41,0
"E09",4,"Deer - Doe","Pre","Inside",-41,0
"G09",3,"Deer - Doe","Pre","Inside",-41,0
"B02",4,"Deer - Buck","Pre","Inside",-40,0
"C03",3,"Deer - Doe","Pre","Inside",-40,0
"C09",3,"Deer - Doe","Pre","Inside",-40,0
"C09",4,"Deer - Doe","Pre","Inside",-40,0
"D04",4,"Deer - Buck","Pre","Inside",-40,0
"D04",3,"Deer - Doe","Pre","Inside",-40,0
"E09",4,"Deer - Doe","Pre","Inside",-40,0
"G09",4,"Deer - Doe","Pre","Inside",-40,0
"B02",3,"Deer - Doe","Pre","Inside",-39,0
"C03",4,"Deer - Doe","Pre","Inside",-39,0
"C03",4,"Deer - Doe","Pre","Inside",-39,0
"E05",2,"Deer - Buck","Pre","Inside",-39,0
"E05",4,"Deer - Buck","Pre","Inside",-39,0
"E05",4,"Deer - Buck","Pre","Inside",-39,0
"E05",4,"Deer - Buck","Pre","Inside",-39,0
"E05",2,"Deer - Doe","Pre","Inside",-39,0
"E05",2,"Deer - Doe","Pre","Inside",-39,0
"E05",3,"Deer - Doe","Pre","Inside",-39,0
"E05",3,"Deer - Doe","Pre","Inside",-39,0
"E05",3,"Deer - Doe","Pre","Inside",-39,0
"E05",4,"Deer - Doe","Pre","Inside",-39,0
"G09",4,"Deer - Doe","Pre","Inside",-39,0
"B02",2,"Deer - Buck","Pre","Inside",-38,0
"B02",4,"Deer - Buck","Pre","Inside",-38,0
"B02",4,"Deer - Buck","Pre","Inside",-38,0
"C03",4,"Deer - Doe","Pre","Inside",-38,0
"C09",2,"Deer - Doe","Pre","Inside",-38,0
"D06",5,"Deer - Buck","Pre","Inside",-38,0
"D08",4,"Deer - Doe","Pre","Inside",-38,0
"E05",3,"Deer - Buck","Pre","Inside",-38,0
"B02",4,"Deer - Buck","Pre","Inside",-37,0
"B02",4,"Deer - Buck","Pre","Inside",-37,0
"D04",2,"Deer - Doe","Pre","Inside",-37,0
"D08",2,"Deer - Doe","Pre","Inside",-37,0
"D08",3,"Deer - Doe","Pre","Inside",-37,0
"D08",3,"Deer - Doe","Pre","Inside",-37,0
"G11",4,"Deer - Buck","Pre","Inside",-37,0
"G11",1,"Deer - Doe","Pre","Inside",-37,0
"B02",3,"Deer - Buck","Pre","Inside",-36,0
"B02",4,"Deer - Buck","Pre","Inside",-36,0
"B02",4,"Deer - Doe","Pre","Inside",-36,0
"C03",4,"Deer - Doe","Pre","Inside",-36,0
"C03",4,"Deer - Doe","Pre","Inside",-36,0
"D04",3,"Deer - Doe","Pre","Inside",-36,0
"F08",4,"Deer - Doe","Pre","Inside",-36,0
"G09",3,"Deer - Buck","Pre","Inside",-36,0
"G09",4,"Deer - Buck","Pre","Inside",-36,0
"G11",2,"Deer - Buck","Pre","Inside",-36,0
"G11",3,"Deer - Buck","Pre","Inside",-36,0
"B02",4,"Deer - Buck","Pre","Inside",-35,0
"B02",4,"Deer - Buck","Pre","Inside",-35,0
"B02",4,"Deer - Buck","Pre","Inside",-35,0
"B02",4,"Deer - Buck","Pre","Inside",-35,0
"B02",3,"Deer - Doe","Pre","Inside",-35,0
"D04",0,"Deer - Doe","Pre","Inside",-35,0
"D04",3,"Deer - Doe","Pre","Inside",-35,0
"D04",3,"Deer - Doe","Pre","Inside",-35,0
"D06",3,"Deer - Doe","Pre","Inside",-35,0
"D06",4,"Deer - Doe","Pre","Inside",-35,0
"E05",3,"Deer - Doe","Pre","Inside",-35,0
"E07",2,"Deer - Doe","Pre","Inside",-35,0
"E07",4,"Deer - Doe","Pre","Inside",-35,0
"F08",2,"Deer - Doe","Pre","Inside",-35,0
"F08",4,"Deer - Doe","Pre","Inside",-35,0
"G09",4,"Deer - Doe","Pre","Inside",-35,0
"B02",4,"Deer - Buck","Pre","Inside",-34,0
"B02",4,"Deer - Buck","Pre","Inside",-34,0
"B02",3,"Deer - Doe","Pre","Inside",-34,0
"C03",3,"Deer - Doe","Pre","Inside",-34,0
"C09",1,"Deer - Doe","Pre","Inside",-34,0
"C09",2,"Deer - Doe","Pre","Inside",-34,0
"C09",4,"Deer - Doe","Pre","Inside",-34,0
"D04",0,"Deer - Doe","Pre","Inside",-34,0
"D04",2,"Deer - Doe","Pre","Inside",-34,0
"D04",2,"Deer - Doe","Pre","Inside",-34,0
"D04",3,"Deer - Doe","Pre","Inside",-34,0
"D06",5,"Deer - Buck","Pre","Inside",-34,0
"D06",4,"Deer - Doe","Pre","Inside",-34,0
"E05",1,"Deer - Doe","Pre","Inside",-34,0
"G11",2,"Deer - Buck","Pre","Inside",-34,0
"C03",4,"Deer - Doe","Pre","Inside",-33,0
"C03",5,"Deer - Doe","Pre","Inside",-33,0
"C09",2,"Deer - Doe","Pre","Inside",-33,0
"C09",2,"Deer - Doe","Pre","Inside",-33,0
"C09",4,"Deer - Doe","Pre","Inside",-33,0
"E05",1,"Deer - Doe","Pre","Inside",-33,0
"E05",3,"Deer - Doe","Pre","Inside",-33,0
"E05",4,"Deer - Doe","Pre","Inside",-33,0
"E09",2,"Deer - Doe","Pre","Inside",-33,0
"E09",2,"Deer - Doe","Pre","Inside",-33,0
"E09",3,"Deer - Doe","Pre","Inside",-33,0
"E09",3,"Deer - Doe","Pre","Inside",-33,0
"E09",4,"Deer - Doe","Pre","Inside",-33,0
"B02",3,"Deer - Buck","Pre","Inside",-32,0
"B02",4,"Deer - Buck","Pre","Inside",-32,0
"B02",4,"Deer - Buck","Pre","Inside",-32,0
"B02",4,"Deer - Buck","Pre","Inside",-32,0
"C03",4,"Deer - Doe","Pre","Inside",-32,0
"E05",1,"Deer - Doe","Pre","Inside",-32,0
"E05",3,"Deer - Doe","Pre","Inside",-32,0
"E05",4,"Deer - Doe","Pre","Inside",-32,0
"E07",3,"Deer - Doe","Pre","Inside",-32,0
"F10",3,"Deer - Buck","Pre","Inside",-32,0
"F10",3,"Deer - Doe","Pre","Inside",-32,0
"G09",4,"Deer - Doe","Pre","Inside",-32,0
"C03",4,"Deer - Doe","Pre","Inside",-31,0
"C03",5,"Deer - Doe","Pre","Inside",-31,0
"E05",5,"Deer - Buck","Pre","Inside",-31,0
"E05",3,"Deer - Doe","Pre","Inside",-31,0
"E05",4,"Deer - Doe","Pre","Inside",-31,0
"E07",4,"Deer - Doe","Pre","Inside",-31,0
"E11",4,"Deer - Doe","Pre","Inside",-31,0
"F08",4,"Deer - Buck","Pre","Inside",-31,0
"F08",4,"Deer - Doe","Pre","Inside",-31,0
"G11",1,"Deer - Doe","Pre","Inside",-31,0
"G11",1,"Deer - Doe","Pre","Inside",-31,0
"B02",4,"Deer - Buck","Pre","Inside",-30,0
"B02",4,"Deer - Buck","Pre","Inside",-30,0
"D04",5,"Deer - Buck","Pre","Inside",-29,0
"D04",0,"Deer - Doe","Pre","Inside",-29,0
"E05",2,"Deer - Doe","Pre","Inside",-29,0
"E05",2,"Deer - Doe","Pre","Inside",-29,0
"E05",3,"Deer - Doe","Pre","Inside",-29,0
"E05",3,"Deer - Doe","Pre","Inside",-29,0
"E05",4,"Deer - Doe","Pre","Inside",-29,0
"G11",2,"Deer - Doe","Pre","Inside",-29,0
"G11",3,"Deer - Doe","Pre","Inside",-29,0
"B02",4,"Deer - Buck","Pre","Inside",-28,0
"D04",3,"Deer - Doe","Pre","Inside",-28,0
"E05",3,"Deer - Doe","Pre","Inside",-28,0
"E07",3,"Deer - Doe","Pre","Inside",-28,0
"B02",3,"Deer - Buck","Pre","Inside",-27,0
"B02",3,"Deer - Buck","Pre","Inside",-27,0
"B02",4,"Deer - Buck","Pre","Inside",-27,0
"B02",4,"Deer - Buck","Pre","Inside",-27,0
"B02",4,"Deer - Doe","Pre","Inside",-27,0
"C03",3,"Deer - Doe","Pre","Inside",-27,0
"C03",4,"Deer - Doe","Pre","Inside",-27,0
"C03",4,"Deer - Doe","Pre","Inside",-27,0
"D04",1,"Deer - Doe","Pre","Inside",-27,0
"F08",2,"Deer - Doe","Pre","Inside",-27,0
"F08",3,"Deer - Doe","Pre","Inside",-27,0
"F08",3,"Deer - Doe","Pre","Inside",-27,0
"F08",4,"Deer - Doe","Pre","Inside",-27,0
"F10",3,"Deer - Buck","Pre","Inside",-27,0
"F10",3,"Deer - Doe","Pre","Inside",-27,0
"B02",4,"Deer - Buck","Pre","Inside",-26,0
"C09",2,"Deer - Doe","Pre","Inside",-26,0
"C09",4,"Deer - Doe","Pre","Inside",-26,0
"E05",1,"Deer - Doe","Pre","Inside",-26,0
"E05",2,"Deer - Doe","Pre","Inside",-26,0
"E05",3,"Deer - Doe","Pre","Inside",-26,0
"E09",4,"Deer - Doe","Pre","Inside",-26,0
"E11",3,"Deer - Buck","Pre","Inside",-26,0
"F06",3,"Deer - Doe","Pre","Inside",-26,0
"B02",4,"Deer - Buck","Pre","Inside",-25,0
"C03",3,"Deer - Doe","Pre","Inside",-25,0
"D04",3,"Deer - Doe","Pre","Inside",-25,0
"E05",3,"Deer - Doe","Pre","Inside",-25,0
"E05",4,"Deer - Doe","Pre","Inside",-25,0
"E05",4,"Deer - Doe","Pre","Inside",-25,0
"E07",3,"Deer - Doe","Pre","Inside",-25,0
"G11",3,"Deer - Doe","Pre","Inside",-25,0
"B02",4,"Deer - Buck","Pre","Inside",-24,0
"B10",4,"Deer - Doe","Pre","Inside",-24,0
"D04",4,"Deer - Buck","Pre","Inside",-24,0
"D04",3,"Deer - Doe","Pre","Inside",-24,0
"D06",4,"Deer - Doe","Pre","Inside",-24,0
"E05",3,"Deer - Doe","Pre","Inside",-24,0
"E05",4,"Deer - Doe","Pre","Inside",-24,0
"E09",4,"Deer - Doe","Pre","Inside",-24,0
"F06",3,"Deer - Doe","Pre","Inside",-24,0
"F08",3,"Deer - Doe","Pre","Inside",-24,0
"D06",4,"Deer - Doe","Pre","Inside",-23,0
"E05",4,"Deer - Doe","Pre","Inside",-23,0
"E11",3,"Deer - Doe","Pre","Inside",-23,0
"F06",3,"Deer - Doe","Pre","Inside",-23,0
"F06",4,"Deer - Doe","Pre","Inside",-23,0
"F10",4,"Deer - Buck","Pre","Inside",-23,0
"F10",4,"Deer - Doe","Pre","Inside",-23,0
"G09",1,"Deer - Buck","Pre","Inside",-23,0
"G09",2,"Deer - Buck","Pre","Inside",-23,0
"D04",3,"Deer - Doe","Pre","Inside",-22,0
"D06",4,"Deer - Doe","Pre","Inside",-22,0
"E11",3,"Deer - Buck","Pre","Inside",-22,0
"E11",4,"Deer - Buck","Pre","Inside",-22,0
"B02",4,"Deer - Doe","Pre","Inside",-21,0
"B10",4,"Deer - Buck","Pre","Inside",-21,0
"E07",4,"Deer - Doe","Pre","Inside",-21,0
"E09",2,"Deer - Doe","Pre","Inside",-21,0
"E11",3,"Deer - Buck","Pre","Inside",-21,0
"F08",3,"Deer - Doe","Pre","Inside",-21,0
"B02",4,"Deer - Buck","Pre","Inside",-20,0
"D04",4,"Deer - Buck","Pre","Inside",-20,0
"D04",3,"Deer - Doe","Pre","Inside",-20,0
"D04",4,"Deer - Doe","Pre","Inside",-20,0
"E05",3,"Deer - Doe","Pre","Inside",-20,0
"E05",4,"Deer - Doe","Pre","Inside",-20,0
"B02",3,"Deer - Buck","Pre","Inside",-19,0
"B02",3,"Deer - Buck","Pre","Inside",-19,0
"B02",4,"Deer - Buck","Pre","Inside",-19,0
"B02",4,"Deer - Buck","Pre","Inside",-19,0
"D04",3,"Deer - Doe","Pre","Inside",-19,0
"E05",2,"Deer - Doe","Pre","Inside",-19,0
"E05",3,"Deer - Doe","Pre","Inside",-19,0
"E05",4,"Deer - Doe","Pre","Inside",-19,0
"F08",3,"Deer - Doe","Pre","Inside",-19,0
"B02",4,"Deer - Buck","Pre","Inside",-18,0
"C03",3,"Deer - Doe","Pre","Inside",-18,0
"C03",4,"Deer - Doe","Pre","Inside",-18,0
"D04",3,"Deer - Doe","Pre","Inside",-18,0
"D04",4,"Deer - Doe","Pre","Inside",-18,0
"E05",3,"Deer - Doe","Pre","Inside",-18,0
"E05",4,"Deer - Doe","Pre","Inside",-18,0
"E05",4,"Deer - Doe","Pre","Inside",-18,0
"F08",4,"Deer - Doe","Pre","Inside",-18,0
"B02",3,"Deer - Buck","Pre","Inside",-17,0
"B02",4,"Deer - Buck","Pre","Inside",-17,0
"D04",2,"Deer - Doe","Pre","Inside",-17,0
"D04",4,"Deer - Doe","Pre","Inside",-17,0
"D04",4,"Deer - Doe","Pre","Inside",-17,0
"E09",3,"Deer - Doe","Pre","Inside",-17,0
"G09",2,"Deer - Buck","Pre","Inside",-17,0
"G09",3,"Deer - Doe","Pre","Inside",-17,0
"B02",4,"Deer - Buck","Pre","Inside",-16,0
"B10",4,"Deer - Buck","Pre","Inside",-16,0
"G09",1,"Deer - Buck","Pre","Inside",-16,0
"G09",2,"Deer - Buck","Pre","Inside",-16,0
"G09",3,"Deer - Buck","Pre","Inside",-16,0
"B02",4,"Deer - Buck","Pre","Inside",-15,0
"E05",3,"Deer - Doe","Pre","Inside",-15,0
"G09",2,"Deer - Buck","Pre","Inside",-15,0
"B02",4,"Deer - Buck","Pre","Inside",-14,0
"B02",4,"Deer - Buck","Pre","Inside",-14,0
"D04",3,"Deer - Doe","Pre","Inside",-14,0
"D08",3,"Deer - Doe","Pre","Inside",-14,0
"E05",3,"Deer - Doe","Pre","Inside",-14,0
"G09",2,"Deer - Doe","Pre","Inside",-14,0
"B02",4,"Deer - Buck","Pre","Inside",-13,0
"B02",2,"Deer - Doe","Pre","Inside",-13,0
"D04",4,"Deer - Buck","Pre","Inside",-13,0
"E05",3,"Deer - Buck","Pre","Inside",-13,0
"E05",3,"Deer - Doe","Pre","Inside",-13,0
"E09",3,"Deer - Doe","Pre","Inside",-13,0
"G11",2,"Deer - Buck","Pre","Inside",-13,0
"B02",3,"Deer - Buck","Pre","Inside",-12,0
"B02",4,"Deer - Buck","Pre","Inside",-12,0
"B02",4,"Deer - Buck","Pre","Inside",-12,0
"D04",2,"Deer - Doe","Pre","Inside",-12,0
"D08",4,"Deer - Buck","Pre","Inside",-12,0
"E11",1,"Deer - Doe","Pre","Inside",-12,0
"G09",3,"Deer - Buck","Pre","Inside",-12,0
"G09",2,"Deer - Doe","Pre","Inside",-12,0
"B02",4,"Deer - Buck","Pre","Inside",-11,0
"D06",3,"Deer - Doe","Pre","Inside",-11,0
"G11",2,"Deer - Buck","Pre","Inside",-11,0
"B02",3,"Deer - Buck","Pre","Inside",-10,0
"D04",3,"Deer - Doe","Pre","Inside",-10,0
"E05",2,"Deer - Doe","Pre","Inside",-10,0
"E05",3,"Deer - Doe","Pre","Inside",-10,0
"F10",3,"Deer - Buck","Pre","Inside",-10,0
"F10",3,"Deer - Buck","Pre","Inside",-10,0
"F10",4,"Deer - Buck","Pre","Inside",-10,0
"F10",3,"Deer - Doe","Pre","Inside",-10,0
"F10",3,"Deer - Doe","Pre","Inside",-10,0
"F10",4,"Deer - Doe","Pre","Inside",-10,0
"G11",2,"Deer - Buck","Pre","Inside",-10,0
"G11",1,"Deer - Doe","Pre","Inside",-10,0
"B02",4,"Deer - Buck","Pre","Inside",-9,0
"B02",4,"Deer - Buck","Pre","Inside",-9,0
"B02",4,"Deer - Buck","Pre","Inside",-9,0
"B02",4,"Deer - Buck","Pre","Inside",-9,0
"B02",4,"Deer - Doe","Pre","Inside",-9,0
"D08",4,"Deer - Buck","Pre","Inside",-9,0
"E09",3,"Deer - Doe","Pre","Inside",-9,0
"E09",3,"Deer - Doe","Pre","Inside",-9,0
"B02",3,"Deer - Buck","Pre","Inside",-8,0
"B02",4,"Deer - Buck","Pre","Inside",-8,0
"B02",3,"Deer - Doe","Pre","Inside",-8,0
"B02",3,"Deer - Doe","Pre","Inside",-8,0
"E09",3,"Deer - Doe","Pre","Inside",-8,0
"F08",1,"Deer - Doe","Pre","Inside",-8,0
"F08",2,"Deer - Doe","Pre","Inside",-8,0
"B02",2,"Deer - Buck","Pre","Inside",-7,0
"B02",3,"Deer - Buck","Pre","Inside",-7,0
"E09",3,"Deer - Doe","Pre","Inside",-7,0
"E09",4,"Deer - Doe","Pre","Inside",-7,0
"G09",3,"Deer - Doe","Pre","Inside",-7,0
"G09",3,"Deer - Doe","Pre","Inside",-7,0
"G09",4,"Deer - Doe","Pre","Inside",-7,0
"G09",4,"Deer - Doe","Pre","Inside",-7,0
"B02",4,"Deer - Buck","Pre","Inside",-6,0
"B02",4,"Deer - Buck","Pre","Inside",-6,0
"C09",4,"Deer - Doe","Pre","Inside",-6,0
"E05",4,"Deer - Doe","Pre","Inside",-6,0
"E09",3,"Deer - Doe","Pre","Inside",-6,0
"E09",3,"Deer - Doe","Pre","Inside",-6,0
"F08",3,"Deer - Doe","Pre","Inside",-6,0
"F08",4,"Deer - Doe","Pre","Inside",-6,0
"G09",2,"Deer - Buck","Pre","Inside",-6,0
"B02",3,"Deer - Buck","Pre","Inside",-5,0
"D04",3,"Deer - Doe","Pre","Inside",-5,0
"E05",3,"Deer - Doe","Pre","Inside",-5,0
"E05",4,"Deer - Doe","Pre","Inside",-5,0
"B02",3,"Deer - Buck","Pre","Inside",-4,0
"B02",4,"Deer - Buck","Pre","Inside",-4,0
"B02",2,"Deer - Doe","Pre","Inside",-4,0
"C09",3,"Deer - Doe","Pre","Inside",-4,0
"C09",3,"Deer - Doe","Pre","Inside",-4,0
"G09",2,"Deer - Buck","Pre","Inside",-4,0
"D04",3,"Deer - Doe","Pre","Inside",-3,0
"D04",3,"Deer - Doe","Pre","Inside",-3,0
"D06",4,"Deer - Doe","Pre","Inside",-3,0
"E09",3,"Deer - Doe","Pre","Inside",-3,0
"E11",2,"Deer - Doe","Pre","Inside",-3,0
"B02",3,"Deer - Buck","Pre","Inside",-2,0
"B02",2,"Deer - Doe","Pre","Inside",-2,0
"D04",1,"Deer - Doe","Pre","Inside",-2,0
"D06",5,"Deer - Buck","Pre","Inside",-2,0
"E05",4,"Deer - Doe","Pre","Inside",-2,0
"E09",3,"Deer - Doe","Pre","Inside",-2,0
"E09",3,"Deer - Doe","Pre","Inside",-2,0
"E11",3,"Deer - Buck","Pre","Inside",-2,0
"F08",1,"Deer - Doe","Pre","Inside",-2,0
"F08",2,"Deer - Doe","Pre","Inside",-2,0
"F08",3,"Deer - Doe","Pre","Inside",-2,0
"F08",4,"Deer - Doe","Pre","Inside",-2,0
"F10",4,"Deer - Buck","Pre","Inside",-2,0
"F10",4,"Deer - Doe","Pre","Inside",-2,0
"G09",3,"Deer - Buck","Pre","Inside",-2,0
"B02",4,"Deer - Buck","Pre","Inside",-1,0
"B02",4,"Deer - Buck","Pre","Inside",-1,0
"D04",2,"Deer - Doe","Pre","Inside",-1,0
"E09",2,"Deer - Doe","Pre","Inside",-1,0
"F08",3,"Deer - Doe","Pre","Inside",-1,0
"D04",1,"Deer - Doe","Pre","Inside",0,0
"E05",2,"Deer - Doe","Pre","Inside",0,0
"E05",3,"Deer - Doe","Pre","Inside",0,0
"F08",2,"Deer - Doe","Pre","Inside",0,0
"F08",3,"Deer - Doe","Pre","Inside",0,0
"E05",1,"Deer - Doe","Post","Inside",1,1
"E05",2,"Deer - Doe","Post","Inside",1,1
"E05",2,"Deer - Doe","Post","Inside",1,1
"E05",3,"Deer - Doe","Post","Inside",1,1
"F08",2,"Deer - Doe","Post","Inside",1,1
"F08",3,"Deer - Doe","Post","Inside",1,1
"F08",3,"Deer - Doe","Post","Inside",1,1
"G11",2,"Deer - Doe","Post","Inside",1,1
"E05",3,"Deer - Doe","Post","Inside",3,3
"D08",1,"Deer - Buck","Post","Inside",4,4
"E05",2,"Deer - Doe","Post","Inside",4,4
"E11",2,"Deer - Buck","Post","Inside",4,4
"C03",3,"Deer - Doe","Post","Inside",5,5
"F08",2,"Deer - Doe","Post","Inside",5,5
"F08",4,"Deer - Doe","Post","Inside",5,5
"C03",2,"Deer - Doe","Post","Inside",6,6
"C03",3,"Deer - Doe","Post","Inside",6,6
"C03",4,"Deer - Doe","Post","Inside",7,7
"D08",3,"Deer - Buck","Post","Inside",7,7
"F08",2,"Deer - Doe","Post","Inside",7,7
"F08",3,"Deer - Doe","Post","Inside",7,7
"B02",2,"Deer - Doe","Post","Inside",8,8
"E09",0,"Deer - Doe","Post","Inside",8,8
"E09",1,"Deer - Doe","Post","Inside",8,8
"F08",2,"Deer - Doe","Post","Inside",8,8
"F08",2,"Deer - Doe","Post","Inside",8,8
"F08",2,"Deer - Doe","Post","Inside",8,8
"F08",3,"Deer - Doe","Post","Inside",8,8
"F08",4,"Deer - Doe","Post","Inside",8,8
"C03",4,"Deer - Doe","Post","Inside",9,9
"D08",4,"Deer - Buck","Post","Inside",9,9
"E05",3,"Deer - Doe","Post","Inside",9,9
"B02",2,"Deer - Doe","Post","Inside",10,10
"B02",2,"Deer - Doe","Post","Inside",10,10
"E09",1,"Deer - Doe","Post","Inside",10,10
"B02",4,"Deer - Buck","Post","Inside",11,11
"B02",2,"Deer - Doe","Post","Inside",11,11
"E05",2,"Deer - Doe","Post","Inside",11,11
"E05",2,"Deer - Doe","Post","Inside",11,11
"E05",3,"Deer - Doe","Post","Inside",11,11
"E05",3,"Deer - Doe","Post","Inside",12,12
"D08",2,"Deer - Doe","Post","Inside",13,13
"E05",3,"Deer - Doe","Post","Inside",13,13
"E05",4,"Deer - Doe","Post","Inside",13,13
"E05",4,"Deer - Doe","Post","Inside",13,13
"B02",3,"Deer - Doe","Post","Inside",14,14
"C09",3,"Deer - Buck","Post","Inside",14,14
"E05",3,"Deer - Doe","Post","Inside",14,14
"E09",2,"Deer - Doe","Post","Inside",14,14
"E09",2,"Deer - Doe","Post","Inside",14,14
"E09",3,"Deer - Doe","Post","Inside",14,14
"C03",3,"Deer - Doe","Post","Inside",15,15
"D04",3,"Deer - Doe","Post","Inside",15,15
"D04",4,"Deer - Doe","Post","Inside",15,15
"E05",3,"Deer - Doe","Post","Inside",15,15
"E09",0,"Deer - Doe","Post","Inside",15,15
"E09",1,"Deer - Doe","Post","Inside",15,15
"G09",3,"Deer - Doe","Post","Inside",15,15
"E05",2,"Deer - Doe","Post","Inside",16,16
"C03",3,"Deer - Doe","Post","Inside",17,17
"E09",1,"Deer - Doe","Post","Inside",17,17
"E09",2,"Deer - Doe","Post","Inside",17,17
"E09",2,"Deer - Doe","Post","Inside",17,17
"E09",3,"Deer - Doe","Post","Inside",17,17
"F08",2,"Deer - Doe","Post","Inside",17,17
"F10",3,"Deer - Buck","Post","Inside",17,17
"F10",4,"Deer - Buck","Post","Inside",17,17
"F10",3,"Deer - Doe","Post","Inside",17,17
"F10",4,"Deer - Doe","Post","Inside",17,17
"D08",2,"Deer - Buck","Post","Inside",18,18
"D08",3,"Deer - Doe","Post","Inside",18,18
"E05",3,"Deer - Doe","Post","Inside",18,18
"E05",3,"Deer - Doe","Post","Inside",18,18
"E05",4,"Deer - Doe","Post","Inside",18,18
"E09",0,"Deer - Doe","Post","Inside",18,18
"E09",2,"Deer - Doe","Post","Inside",18,18
"F08",3,"Deer - Doe","Post","Inside",18,18
"F10",3,"Deer - Buck","Post","Inside",18,18
"F10",3,"Deer - Doe","Post","Inside",18,18
"G09",4,"Deer - Buck","Post","Inside",18,18
"C03",2,"Deer - Doe","Post","Inside",19,19
"F10",3,"Deer - Buck","Post","Inside",19,19
"F10",3,"Deer - Doe","Post","Inside",19,19
"B02",4,"Deer - Buck","Post","Inside",20,20
"B02",3,"Deer - Doe","Post","Inside",20,20
"E07",5,"Deer - Buck","Post","Inside",20,20
"E11",2,"Deer - Doe","Post","Inside",20,20
"G09",3,"Deer - Doe","Post","Inside",20,20
"E05",1,"Deer - Doe","Post","Inside",21,21
"E05",3,"Deer - Doe","Post","Inside",21,21
"E09",2,"Deer - Doe","Post","Inside",21,21
"G09",4,"Deer - Buck","Post","Inside",21,21
"B02",3,"Deer - Buck","Post","Inside",22,22
"B02",4,"Deer - Buck","Post","Inside",22,22
"E05",2,"Deer - Doe","Post","Inside",22,22
"E07",3,"Deer - Doe","Post","Inside",22,22
"E09",1,"Deer - Doe","Post","Inside",22,22
"E09",1,"Deer - Doe","Post","Inside",22,22
"F08",4,"Deer - Doe","Post","Inside",22,22
"G09",3,"Deer - Doe","Post","Inside",22,22
"B02",3,"Deer - Buck","Post","Inside",23,23
"B02",1,"Deer - Doe","Post","Inside",23,23
"B02",1,"Deer - Doe","Post","Inside",23,23
"B02",2,"Deer - Doe","Post","Inside",23,23
"B02",3,"Deer - Doe","Post","Inside",23,23
"D08",1,"Deer - Doe","Post","Inside",23,23
"E09",1,"Deer - Doe","Post","Inside",23,23
"E09",1,"Deer - Doe","Post","Inside",23,23
"D08",1,"Deer - Doe","Post","Inside",24,24
"E09",3,"Deer - Doe","Post","Inside",24,24
"E09",3,"Deer - Doe","Post","Inside",24,24
"E11",0,"Deer - Doe","Post","Inside",24,24
"F08",3,"Deer - Doe","Post","Inside",24,24
"B02",2,"Deer - Doe","Post","Inside",25,25
"B02",3,"Deer - Doe","Post","Inside",25,25
"C03",1,"Deer - Doe","Post","Inside",25,25
"C03",3,"Deer - Doe","Post","Inside",25,25
"F08",2,"Deer - Doe","Post","Inside",25,25
"F08",2,"Deer - Doe","Post","Inside",25,25
"F08",3,"Deer - Doe","Post","Inside",25,25
"B02",1,"Deer - Doe","Post","Inside",26,26
"E05",1,"Deer - Doe","Post","Inside",26,26
"E05",2,"Deer - Doe","Post","Inside",26,26
"E05",2,"Deer - Doe","Post","Inside",26,26
"E05",3,"Deer - Doe","Post","Inside",26,26
"F10",2,"Deer - Buck","Post","Inside",26,26
"F10",2,"Deer - Buck","Post","Inside",26,26
"F10",2,"Deer - Doe","Post","Inside",26,26
"F10",2,"Deer - Doe","Post","Inside",26,26
"G09",5,"Deer - Buck","Post","Inside",26,26
"G09",5,"Deer - Buck","Post","Inside",26,26
"G09",4,"Deer - Doe","Post","Inside",26,26
"E05",4,"Deer - Buck","Post","Inside",27,27
"F06",3,"Deer - Doe","Post","Inside",27,27
"F08",2,"Deer - Doe","Post","Inside",27,27
"F08",2,"Deer - Doe","Post","Inside",27,27
"F08",2,"Deer - Doe","Post","Inside",27,27
"F08",3,"Deer - Doe","Post","Inside",27,27
"F08",3,"Deer - Doe","Post","Inside",27,27
"G11",1,"Deer - Doe","Post","Inside",27,27
"B02",1,"Deer - Doe","Post","Inside",28,28
"B02",2,"Deer - Doe","Post","Inside",28,28
"F08",2,"Deer - Doe","Post","Inside",28,28
"F08",3,"Deer - Doe","Post","Inside",28,28
"E05",3,"Deer - Doe","Post","Inside",29,29
"E09",1,"Deer - Doe","Post","Inside",29,29
"F08",2,"Deer - Doe","Post","Inside",29,29
"F10",3,"Deer - Buck","Post","Inside",29,29
"F10",3,"Deer - Doe","Post","Inside",29,29
"B02",2,"Deer - Buck","Post","Inside",30,30
"B02",3,"Deer - Buck","Post","Inside",30,30
"E05",3,"Deer - Doe","Post","Inside",30,30
"E05",3,"Deer - Doe","Post","Inside",30,30
"B02",1,"Deer - Doe","Post","Inside",31,31
"B02",1,"Deer - Doe","Post","Inside",31,31
"B02",2,"Deer - Doe","Post","Inside",31,31
"C03",3,"Deer - Doe","Post","Inside",31,31
"C09",2,"Deer - Doe","Post","Inside",31,31
"C09",3,"Deer - Doe","Post","Inside",31,31
"C09",4,"Deer - Doe","Post","Inside",31,31
"E05",5,"Deer - Buck","Post","Inside",31,31
"E05",3,"Deer - Doe","Post","Inside",31,31
"E05",4,"Deer - Doe","Post","Inside",31,31
"E09",1,"Deer - Doe","Post","Inside",31,31
"B02",2,"Deer - Buck","Post","Inside",32,32
"B02",3,"Deer - Buck","Post","Inside",32,32
"E05",2,"Deer - Doe","Post","Inside",32,32
"E05",2,"Deer - Doe","Post","Inside",32,32
"F08",3,"Deer - Doe","Post","Inside",32,32
"G11",1,"Deer - Doe","Post","Inside",32,32
"B02",1,"Deer - Buck","Post","Inside",33,33
"B02",3,"Deer - Buck","Post","Inside",33,33
"C03",3,"Deer - Doe","Post","Inside",33,33
"E05",3,"Deer - Doe","Post","Inside",33,33
"E05",3,"Deer - Doe","Post","Inside",33,33
"E05",4,"Deer - Doe","Post","Inside",33,33
"E05",4,"Deer - Doe","Post","Inside",33,33
"F08",3,"Deer - Doe","Post","Inside",33,33
"F08",3,"Deer - Doe","Post","Inside",33,33
"G11",1,"Deer - Doe","Post","Inside",33,33
"B02",1,"Deer - Doe","Post","Inside",34,34
"C03",3,"Deer - Doe","Post","Inside",34,34
"C09",4,"Deer - Buck","Post","Inside",34,34
"F10",3,"Deer - Buck","Post","Inside",34,34
"F10",3,"Deer - Doe","Post","Inside",34,34
"G11",4,"Deer - Buck","Post","Inside",34,34
"C03",3,"Deer - Doe","Post","Inside",35,35
"E05",5,"Deer - Buck","Post","Inside",35,35
"E05",4,"Deer - Doe","Post","Inside",35,35
"E05",4,"Deer - Doe","Post","Inside",35,35
"E07",3,"Deer - Doe","Post","Inside",35,35
"E09",1,"Deer - Doe","Post","Inside",35,35
"E09",3,"Deer - Doe","Post","Inside",35,35
"E09",3,"Deer - Doe","Post","Inside",35,35
"G09",4,"Deer - Doe","Post","Inside",35,35
"E11",3,"Deer - Doe","Post","Inside",36,36
"F08",1,"Deer - Doe","Post","Inside",36,36
"B02",1,"Deer - Doe","Post","Inside",37,37
"C09",3,"Deer - Doe","Post","Inside",37,37
"E05",2,"Deer - Doe","Post","Inside",37,37
"E05",2,"Deer - Doe","Post","Inside",37,37
"E05",3,"Deer - Doe","Post","Inside",37,37
"E05",3,"Deer - Doe","Post","Inside",37,37
"E05",3,"Deer - Doe","Post","Inside",37,37
"E05",3,"Deer - Doe","Post","Inside",37,37
"E05",4,"Deer - Doe","Post","Inside",37,37
"C03",4,"Deer - Doe","Post","Inside",38,38
"D06",3,"Deer - Doe","Post","Inside",38,38
"E05",2,"Deer - Doe","Post","Inside",38,38
"E05",3,"Deer - Doe","Post","Inside",38,38
"E05",3,"Deer - Doe","Post","Inside",38,38
"E05",3,"Deer - Doe","Post","Inside",38,38
"E05",4,"Deer - Doe","Post","Inside",38,38
"E11",5,"Deer - Buck","Post","Inside",38,38
"F08",3,"Deer - Doe","Post","Inside",38,38
"F10",3,"Deer - Buck","Post","Inside",38,38
"F10",3,"Deer - Doe","Post","Inside",38,38
"E05",4,"Deer - Doe","Post","Inside",39,39
"E07",3,"Deer - Doe","Post","Inside",39,39
"E11",4,"Deer - Buck","Post","Inside",39,39
"E11",2,"Deer - Doe","Post","Inside",39,39
"G09",3,"Deer - Doe","Post","Inside",39,39
"B02",1,"Deer - Doe","Post","Inside",40,40
"E05",2,"Deer - Doe","Post","Inside",40,40
"E05",3,"Deer - Doe","Post","Inside",40,40
"E05",4,"Deer - Doe","Post","Inside",40,40
"E09",1,"Deer - Doe","Post","Inside",40,40
"G11",2,"Deer - Doe","Post","Inside",40,40
"C03",3,"Deer - Doe","Post","Inside",41,41
"C03",3,"Deer - Doe","Post","Inside",41,41
"E05",3,"Deer - Doe","Post","Inside",41,41
"E09",1,"Deer - Doe","Post","Inside",41,41
"F10",3,"Deer - Buck","Post","Inside",41,41
"F10",3,"Deer - Doe","Post","Inside",41,41
"C03",3,"Deer - Doe","Post","Inside",42,42
"E09",3,"Deer - Doe","Post","Inside",42,42
"B02",1,"Deer - Doe","Post","Inside",43,43
"E05",5,"Deer - Buck","Post","Inside",43,43
"E09",0,"Deer - Doe","Post","Inside",43,43
"C09",3,"Deer - Doe","Post","Inside",44,44
"F06",3,"Deer - Doe","Post","Inside",44,44
"C03",3,"Deer - Doe","Post","Inside",45,45
"C03",4,"Deer - Doe","Post","Inside",45,45
"C09",3,"Deer - Doe","Post","Inside",45,45
"C03",3,"Deer - Doe","Post","Inside",46,46
"E05",5,"Deer - Buck","Post","Inside",46,46
"E05",3,"Deer - Doe","Post","Inside",46,46
"E09",0,"Deer - Doe","Post","Inside",46,46
"G11",4,"Deer - Buck","Post","Inside",46,46
"C03",3,"Deer - Doe","Post","Inside",47,47
"G09",2,"Deer - Doe","Post","Inside",47,47
"B02",3,"Deer - Buck","Post","Inside",49,49
"E05",3,"Deer - Doe","Post","Inside",49,49
"E05",3,"Deer - Doe","Post","Inside",49,49
"E05",4,"Deer - Doe","Post","Inside",49,49
"C03",3,"Deer - Doe","Post","Inside",50,50
"C03",3,"Deer - Doe","Post","Inside",50,50
"E05",2,"Deer - Doe","Post","Inside",50,50
"E09",1,"Deer - Doe","Post","Inside",50,50
"B02",2,"Deer - Doe","Post","Inside",51,51
"C03",3,"Deer - Doe","Post","Inside",51,51
"C03",4,"Deer - Doe","Post","Inside",51,51
"C03",4,"Deer - Doe","Post","Inside",51,51
"E05",2,"Deer - Doe","Post","Inside",51,51
"G09",2,"Deer - Doe","Post","Inside",51,51
"B02",2,"Deer - Buck","Post","Inside",52,52
"E05",3,"Deer - Buck","Post","Inside",52,52
"E05",3,"Deer - Doe","Post","Inside",52,52
"E05",3,"Deer - Doe","Post","Inside",52,52
"E05",4,"Deer - Doe","Post","Inside",52,52
"E05",4,"Deer - Doe","Post","Inside",52,52
"F08",3,"Deer - Doe","Post","Inside",52,52
"E05",4,"Deer - Doe","Post","Inside",53,53
"E05",3,"Deer - Buck","Post","Inside",54,54
"E05",3,"Deer - Doe","Post","Inside",54,54
"C03",4,"Deer - Buck","Post","Inside",55,55
"C03",2,"Deer - Doe","Post","Inside",55,55
"E05",4,"Deer - Doe","Post","Inside",55,55
"E05",4,"Deer - Doe","Post","Inside",55,55
"E05",4,"Deer - Doe","Post","Inside",55,55
"F08",3,"Deer - Doe","Post","Inside",55,55
"E05",5,"Deer - Buck","Post","Inside",56,56
"E05",3,"Deer - Doe","Post","Inside",56,56
"E05",4,"Deer - Doe","Post","Inside",56,56
"E05",4,"Deer - Doe","Post","Inside",56,56
"E05",4,"Deer - Doe","Post","Inside",56,56
"F08",2,"Deer - Doe","Post","Inside",56,56
"D06",2,"Deer - Doe","Post","Inside",57,57
"E05",3,"Deer - Buck","Post","Inside",57,57
"E05",2,"Deer - Doe","Post","Inside",57,57
"E05",3,"Deer - Doe","Post","Inside",57,57
"F08",2,"Deer - Doe","Post","Inside",57,57
"F08",3,"Deer - Doe","Post","Inside",57,57
"B02",2,"Deer - Doe","Post","Inside",58,58
"C03",4,"Deer - Buck","Post","Inside",58,58
"C03",2,"Deer - Doe","Post","Inside",58,58
"D06",4,"Deer - Doe","Post","Inside",58,58
"E05",2,"Deer - Doe","Post","Inside",58,58
"G09",4,"Deer - Buck","Post","Inside",58,58
"D06",3,"Deer - Doe","Post","Inside",59,59
"E05",3,"Deer - Doe","Post","Inside",59,59
"E09",2,"Deer - Doe","Post","Inside",59,59
"F08",3,"Deer - Doe","Post","Inside",59,59
"F10",4,"Deer - Buck","Post","Inside",59,59
"F10",4,"Deer - Doe","Post","Inside",59,59
"G11",3,"Deer - Doe","Post","Inside",59,59
"B02",2,"Deer - Doe","Post","Inside",60,60
"F08",1,"Deer - Doe","Post","Inside",60,60
"C03",4,"Deer - Buck","Post","Inside",61,61
"C09",2,"Deer - Doe","Post","Inside",61,61
"C09",4,"Deer - Doe","Post","Inside",61,61
"F08",4,"Deer - Buck","Post","Inside",61,61
"F08",1,"Deer - Doe","Post","Inside",61,61
"F08",2,"Deer - Doe","Post","Inside",61,61
"F08",2,"Deer - Doe","Post","Inside",61,61
"F08",3,"Deer - Doe","Post","Inside",61,61
